id,company_name,developer_role,date,title,content,upvote,downvote,comment_count,vibe
1,Brain Station 23,Software engineer,"May 31, 2025",কোম্পানির লাঞ্চ নিয়ে সমস্যা কি?,"রবিবার, শুক্রবার - গরু, সবজি, ভর্তা
সোম , বৃহস্পতিবার - কাচ্চি/ মোরগ পোলাও / ফ্রাইড রাইস/ খিচুরি-গরু - বোরহানি
মঙ্গলবার - মুরগি - সবজি - ভর্তা
বুধবার  - ডিমx2/মাছ - সবজি - সেদিন ডায়েট মিল এ রুটি/মুরগির ঝোল দেয় - ডিম মাছ না খেলে সেগুলো খাওয়া জেতে পারে
আমি আসলে বুঝিনা মানুষ আসলে চায় কি? এই মেনু গুলা দেশের মোস্ট অফ দা মানুষের কাছে স্বপ্নের মতো, কয়জন software engineer এর বাসায় এইগুলা রান্না হয়? স্বাদ নিয়ে দ্বিমত থাকতেই পারে তাই বলে খাবার ভালনা, লাঞ্চ খারাপ এইসব একদম ই ছ্যাঁচড়ামি ছাড়া কিছু নাহ। মানুষের নুন্নতম কৃতজ্ঞতা থাকা উচিত। আপনার যেই বন্ধু, বান্ধবরা অন্য কোথায় জব করে ওদের একদিন নিয়ে এসে খাওয়ান দেখি কি বলে তারা! আবার এমন নাহ যে CEO CTO রা আলাদা খাবার খাচ্ছে, তিনারাও আমাদের সাথে বসেই খাবার খায়।",2,35,12,Positive
2,Brain Station 23,Senior Developer,"May 29, 2025",Review of Station 23 – From a Developer’s Point of View,"As a developer, I’ve had the opportunity to collaborate with Station 23, and it’s been one of the most rewarding professional experiences of my career.
What stands out most is the strong engineering culture. The team values clean code, modern architecture, and best practices—something every developer appreciates. From day one, I noticed a collaborative atmosphere where knowledge sharing is encouraged, and everyone is genuinely passionate about technology.
Station 23 works with a wide range of technologies, including .NET, Java, Python, mobile stacks, and cloud platforms like AWS and Azure. This gave me a chance to expand my skills and work on challenging, meaningful projects that solve real-world problems.
Their agile process is well-implemented, with regular code reviews, CI/CD pipelines, and a supportive QA team that ensures quality. Even under tight deadlines, the focus remains on delivering scalable, maintainable solutions—not just quick fixes.  What also impressed me is the leadership's openness to innovation. If you bring an idea or suggest a new tool or approach, they actually listen. This fosters a real sense of ownership and motivation among developers.
If you're a developer looking to grow, learn, and build great software in a positive and progressive environment, Brain Station 23 is a fantastic place to be.",3,4,1,Positive
3,Brain Station 23,Lead Software Engineer,"May 26, 2025",My Experience with Station & n0pStat!on (eCommerce SBU),"I wanted to share my honest experience — highlighting both the positives and areas where improvement is needed.
✅
What I Appreciate:
Timely Salary
– No need to worry about Salary, you will get it before month end.
Appraisals Twice a Year
– A rare and motivating benefit.
Quarterly Bonuses (4 times a year)
– If you are just doing your job you will get good reward!
Two Eid Bonuses
– As per your basic
Provident Fund
– You can even take loans from it with 0% interest.
Gratuity Fund
– A solid step toward long-term financial security.
🏢
Work Environment:
Flexible Office Hours
Growth-Oriented Culture
Strong Job Security
These truly make a difference in day-to-day work life.
🚧
Needs Improvement:
Lunch & Snacks Quality
– Needs urgent attention.
Salary Structure
– Needs to be more competitive.
Medical Insurance
– Need to be more comprehensive.
Training Opportunities
– More structured upskilling initiatives would help.
❗
Top 3 Concerns:
Senior Talent Drain
– Many seniors are leaving, and honestly, it’s not right. One major reason is the salary structure — it’s not attractive enough to retain or hire experienced people. Another important point is that the company’s growth spiked suddenly, and senior resources didn’t scale up with that growth.
Food Quality
– This must be taken seriously and improved immediately.
Salary Recognition
– High performers should be rewarded based on contribution, not just years of experience. The company should also invest in hiring mid-level resources at better compensation.
💬
Final Thought:
This is my personal experience — others might have different perspectives. But one thing is clear:
this is a service-based company that values those who genuinely add value, If you're just looking for a typical 9-to-5 job without pushing yourself to grow or contribute meaningfully, this might not be the right place for you. It rewards doers, not seat-fillers.
I often notice that people who struggle with performance tend to be more vocal about negatives, while overlooking their own improvement area and the many unique benefits the company already provides.
🎯 In today's market, it's rare to find all of these positive elements in one place — and that deserves acknowledgment.",12,17,5,Positive
4,Brain Station 23,Ex Employee,"May 16, 2025",90% valo,"আমি বুঝলাম না, ব্রেন স্টেশনকে নিয়ে কেন এত মানুষ বাজে রিভিও দিচ্ছে?
আপনারা হয়ত জানেন, এখন প্রায় ১০০০ এর ওপর ইমপ্লয়ি এখানে কাজ করছে।
আপনারা কি জানেন?
এখানে যদি একজন বিলেবল রিসোর্স থাকে, তার বিল থেকে অন্য দুইজন ইমপ্লয়ি কাজ করে।
মানে আপনার কাজ যদি বিলেবল নাও হয় তাহলেও আপনার চাকরি থাকবে।
আপনাকে যদি বেঞ্চেও রাখা (কারণ আপনার প্রজেক্ট শেষ) হয় তাহলে আপনাকে কোন না কোন কাজে ঢুকিয়ে দেওয়া হবে, তাও আপনার চাকরি যাবে না।
আমি ছোট ছিলাম, অনেক কিছু বুঝতাম না কিন্তু আমার ম্যানেজারের সাথে আমার অনেক কিছু নিয়ে ঝগড়া হয়েছে, ম্যানেজার অনেক ধৈর্য সহকারে আমাকে বুঝিয়েছেন, আমাকে আগলে রেখেছেন, আমাকে কাজ শিখিয়েছেন, তার জন্য আমি সারাজীবন কৃতজ্ঞ।
কিছুদিন আগেও ম্যানেজারকে স্যালারি রিভিউ নিয়ে খোঁচা দিয়েছি।
একটু ভাবেন, অন্য কোন কোম্পানিতে যদি আমি এমন করতাম আমাকে সাথে সাথে লাথি মেরে বের করে দেওয়া হতো। কিন্তু না বরং আমাকে আরো ভালোভাবে বোঝানো হয়েছে আমাকে কাজে দেওয়া হয়েছে, আমাকে স্কিল ডেভেলপ করার সুযোগ দেওয়া হয়েছে।
ধরেন আপনাকে কোন কাজ এসাইন করা হলো, কিন্তু কাজটা কিভাবে করতে হবে আপনি সেটা ঠিকমতো জানেন না। আপনাকে সময় দেওয়া হবে কাজটা শেখার এবং কাজ শিখে কাজটা করার। অন্য কোন কোম্পানিতে এমন সুযোগ পাবেন ভাই?
সেলারি, পারফরম্যান্স বোনাস, গ্র্যাচুইটি, প্রফিট শেয়ার, ঈদ বোনাস এগুলো নিয়ে কারো যদি খোঁচাখুঁচি থাকে তাহলে আপনারা দেখতেই পাচ্ছেন যে অন্যান্য কোম্পানির ইমপ্লয়ীরা কিভাবে তাদের কোম্পানির নামে বদনাম করেছে।
হ্যাঁ, খাবারটা নিয়ে আমার বরাবরই কমপ্লেইন ছিল যা অন্যান্য সবাই এটা তুলে ধরেছেন। পেট খুশি তো মন খুশি, মন খুশি তো কাজ ভালো।
যা পাচ্ছেন তাতে আলহামদুলিল্লাহ বলেন, এটলিস্ট চাকরিটার সিকিউরিটি আছে, ভালো আশেপাশের বন্ধু-বান্ধবরা আছে।",14,31,6,Positive
5,Brain Station 23,Senior Engineer,"May 13, 2025",Great Place to Grow – Amazing Experience,"Pros:
Working in the eCommerce team
(nopStation)
at
Brain Station 23
has been an incredible experience. Honestly, the team is full of highly skilled developers who are passionate about delivering high-quality solutions. The leadership encourages innovation and ownership, especially developing nopCommerce plugins with innovations. We worked on challenging and impactful global projects, which provided fantastic learning opportunities, especially in scalable architecture.
Company culture promotes continuous learning, with access to training, certifications, and mentorship. They have an LMS of various courses, assigned by the dedicated people working in this department.
Cons:
Nothing major – sometimes project deadlines can be tight, but that's typical in a client-focused agency.",12,25,8,Positive
6,Brain Station 23,Anonymous,"May 09, 2025",Where Code Meets Care: My Four-Year Journey at Mogoj Station 23,"বাংলাদেশের ভালো আইটি কোম্পানি গুলোর লিস্ট করলে স্টেশন ২৩ উপরের দিকেই থাকবে। ৫০+ টীম  এখানে একসাথে কাজ করে, তাই অনেকের অনেক রকম এক্সপেরিয়েন্স থাকতে পারে। এখানে আমি আমার টীমের চার বছরের এক্সপেরিএন্স শেয়ার করতেছি।
১। ম্যানেজমেন্ট - অল্প কয়েকজন বাদ দিলে বাকি সবাই আন্তরিক। বিশেষ ভাবে বলতে হয় আমার ইমিডিয়েট বস আর টীম  লিড এর কথা। শুরুর দিনগুলোতে যখন ছোটখাট জিনিষগুলোতে নাকানি চুবানি খেতাম এবং অনেক বেশি ভুল করতাম, তখন তারা কোন ধরনের বিরক্তি না দেখিয়ে ধরে ধরে সব ঠিক করে দিতেন। যতবারই ছুটি নিয়েছি কখনই কারন বলার প্রয়োজন হয়নি। শারীরিক অসুস্থতা কিংবা ফ্যামিলি আরজেন্সিতে প্রায় সময়ই কল করে খোঁজ খবর নেন। চার বছর পর আজ আমি টেকনিক্যালি অনেকটাই স্কিলড, কিন্তু উনাদের সামনে আমি এখনো চার বছর আগের সেই ছোট্ট ইন্টার্ন ছেলেটি হয়েই আছি।
২। সেলারি - এইটা একটা প্রবলেম। নট টপ নচ বাট অভারঅল ওয়েল এনাফ।
৩। ফেক্সিবিলিটি - এনাফ। স্ট্রিক্ট চেক ইন-আউট ফলো করে না। অফিসিয়ালি হোম অফিস পারমিটেড না, বাট দরকার পরলে করা যায়। সমস্যা হয় না।
৪। কালচার - ভালো। খুবই ভালো। নামাজের আলাদা জায়গা আছে, ইন্টারনাল পলিটিক্স আমার চোখে পরে নাই। কিছু টক্সিক লোকজন আছে, যারা বাই ন্যাচার টক্সিক। বাট অফিস এনভায়রনমেন্ট এর কারনে এদের জন্য খুব একটা প্রবলেম হয় না।
৫। ক্যারিয়ার - লং টার্ম ক্যারিয়ার এর জন্য ভালো। আমার কারেন্ট পজিশন কী, সামনের পজিশন গুলো কী কী, ওই পজিশনের জন্য রিকয়ারমেন্ট কী কী, সব ইআরপি তে ওয়েল ডিফাইন্ড। টীম এ কাজ করতে প্রবলেম হলে অথবা ক্যারিয়ার গ্রোথ না হলে এইচআর কে বলে টীম চেইঞ্জ করা যায়। অনেক প্যারা হয় বাট করা যায়।
৬। ছুটি - ইয়ারলি ২৪ দিন পেইড লিভ। ছুটি না নিলে টাকা দিয়ে দেয় আপ টু সেভেন ডেইজ। খুব বেশি দরকারে অফ ডে তে কাজ করা লাগলে ওভারটাইম পে করে, ইদের ছুটিতে ওভারটাইম করতে হলে ডাবল পে করে।
৭। অন্যান্য - স্টেশন এ অনেক এক্সট্রা ফ্যাসিলিটি আছে, যেগুলো ভালো অনেক কোম্পানিতেই নেই। যেমন - ইয়ারলি চারটা পারফরমেন্স বোনাস, ইয়ারলি প্রফিট শেয়ার, প্রভিডেন্ট ফান্ড, গ্র্যাচুইটি, মেডিকেল ইনস্যুরেন্স।
সবশেষে, স্টেশন ফিলস লাইক হোম টু মি। মাঝে অনেক বেশি স্যালারির অপরচুনিটি পেয়েছি, কিন্তু এইখান থেকে ছেড়ে যাওয়ার জন্য মন থেকে সায় পাইনি কখনো।",41,21,3,Positive
7,Brain Station 23,Anonymous,"May 31, 2026",SCAM ALERT,"আমি সবাইকে একটি গুরুত্বপূর্ণ সতর্কবার্তা দিতে চাই যারা এই কোম্পানিতে চাকরির কথা ভাবছেন।
যদিও সব কর্মচারী permanent issue নিয়ে সমস্যায় পড়েন না, কিন্তু উল্লেখযোগ্য সংখ্যক কর্মচারী এই ভয়াবহ পরিস্থিতির শিকার হয়েছেন। প্রোবেশনের সময় HR, SBU Head, PM এবং ম্যানেজমেন্ট খুব supportive ও friendly আচরণ করলেও, পরবর্তীতে অনেক কর্মচারী হঠাৎ অনিশ্চয়তা, corporate politics এবং অস্বচ্ছ সিদ্ধান্তের মুখোমুখি হন। এটা একটা ফাঁদ। বিপজ্জনক ঘটনা হলো, তারা চাকরি স্থায়ী করে না, সেই ব্যক্তিরা প্রোবেশন শেষ করার পর, তাদের হঠাৎ বরখাস্ত করা হয়। বিশেষ করে Trainee, Snr QA, BA এবং Software Engineering টিমের অনেক সদস্য এই সমস্যার কারণে চাকরি থেকে টারমিনেট হয়েছে, ছাড়তে বাধ্য হয়েছেন বা resign করেছেন।
অনেকের অভিজ্ঞতায় দেখা গেছে যে  রআই$উল  তার SBU-কে B$ -এর ভেতরে আলাদা একটি independent company-এর মতো পরিচালনা করতে চান। কিন্ত সে তার ঘনিষ্ঠ বন্ধু  মোণজইিট - কে নিয়ে এসে কম্পানির টাকায় পালার পর থেকে SBU অভ্যন্তরীণ পরিবেশ আরও খারাপ হয়েছে বলে বহু কর্মচারী মনে করেন। তার একার জন্য SBU এর অনেক দক্ষ সদস্য ইতোমধ্যেই resign করেছেন।
চাকরি নেওয়ার আগে, দয়া করে খুব ভালোভাবে কোম্পানিটা সম্পর্কে যাচাই করে নেবেন এবং পুরো পরিস্থিতি বোঝার চেষ্টা করবেন। যারা যোগ দেওয়ার কথা ভাবছেন, তাদের উচিত আগে বর্তমান ও সাবেক কর্মচারীদের অভিজ্ঞতা ভালোভাবে যাচাই করা এবং সিদ্ধান্ত নেওয়ার আগে সতর্ক থাকা।",10,1,3,Negative
8,Brain Station 23,Technical Lead,"May 06, 2026","অকেজো লোকের আড্ডাখানা, সিনিয়র হিসেবে জয়েন করতে চাইলে RED Flag","এই কোম্পানি সম্পর্কে বলতে গেলে সারাদিন বলেও শেষ হবে না।  যারা জয়েন করবে তাদের আসলে জানা উচিৎ সেই উদ্দেশ্যে লেখা।
করোনা প্যান্ডেমিকের আগে কোম্পানি বেশ ভালো ছিল, এরপরে SBU স্ট্রাকচারে আনার পরে আস্তে আস্তে পচে গেছে।  এখন SBU wise লাভ লসের হিসেব হয়, এইটা করার পরে সিচুয়েশন আরো বাজে হয়ে গেছে। কারণ SBU তার লাভ দেখানোর জন্য আপনাকে নিয়ে যেকোন গেম খেলতে পারে। এখানে ডেভলপারের চেয়ে ম্যানেজার বেশি।
অনেকেই SBU কি জানে না - ফুল ফর্ম Stragegic Business Unit (আসলে জাস্ট কিছু গ্রুপ আকারে ভাগ করা)
যারা সিনিয়র আছেন, ৪-৫ বছর বা তার বেশি এক্সপেরিয়েন্স আপনাদের জন্য টোটালি রেড ফ্ল্যাগ। জুনিয়র হইলে সর্বোচ্চ ১-২ বছর স্টে করা যেতে পারে, এরপরে আপনার স্কিল গ্রোথ হবে না সেই ব্যবস্থা তারা করে দিবে।  কিভাবে?  আপনাকে দিয়ে টীম ম্যানেজ করাবে, লীড দেওয়াবে, ক্লায়েন্ট কমিউনিকেশন পুরোটাই ছেড়ে দিবে।  এসব করতে করতেই দিন চলে যাবে এবং আপনাকে আস্তে আস্তে ডেভলপমেন্ট থেকে সরায়ে দিবে।
এবার আসি SBU ওয়াইজ আলোচনায়-
SBU NopStation - এই কোম্পানির সবচেয়ে বাজে ইউনিট। এখানে ফ্রেশার হিসেবে জয়েন করলে নপকমার্স নামক Open Source প্রজেক্টটা সম্পর্কে জানতে পারবেন এবং বেশ কিছুদিন ভালোমত শিখতে পারবেন।  একটা সময় পরে নতুন কিছুই শেখার বা করার সুযোগ পাবেন না।
প্রমোশন/ইনক্রিমেন্ট?  So Hell!  যদি বুঝে থাকেন ইয়েস ওনার পশ্চাদ্দেশ চেটে মুখ হলুদ বা লাল করে ফেললে কিছু টাকা পয়সা কামাতে পারবেন।  কাজ কর্ম করে যেটা পাবেন না,  কারণ এইখানে যারা আপনার নামে ওনার কাছে প্রতিঘন্টার আপডেট দেয় এবং চেটে আসে তারা অনেক টাকা পায়। ভুলেও যদি ওনার SBU ত্যাগ করতে চান তো এই কোম্পানি আপনার জন্য জাহান্নাম হয়ে যাবে।  কারণ এই লোকের নামে এত এত বাজে রিপোর্ট থাকার পরেও কোম্পানির মালিক ওনারটা চুষে জাস্ট বিকজ উনি অনেক টাকা ইনকাম করে দেয়।
SBU Europore - এই SBU এর প্রজেক্টগুলো তুলনামূলক ভালো। তবে এইখানে আছে MonWin নামের এক চুতিয়া। এইটা SBU হেড এর বন্ধু কোটায় এইখানে টিকে আছে।  এই লোক যদি অন্য যেকোন কোম্পানিতে চাকরী করে শিওর ৭ দিন পরেই ঘাড় ধরে বের করে দিবে কারণ এর কোন স্কিল নাই।  অফিসে আসে, খায়, ঘুরে আর ভালো ভালো ডেভলপারদের প্যারা দেয়।  যদি কোন প্রজেক্ট ভালো চলে তাইলে সব ক্রেডিট ওনার, আর যদি কোন কিছু সাময়িক সময়ের জন্যও খারাপ কিছু হয় তাইলে ডেভলপারদের লাইফ বিষিয়ে তুলবে।  মানষিকভাবে এমন অবস্থায় নিবে যেন আপনি কোম্পানি ছেড়ে চলে যান।
SBU HealthTech - SBU হেডকে কিছুটা ভদ্র মানুষ মনে হয় আমার কাছে কারণ ওনার সাথে খুব বেশি কথা হয় নাই। তবে এই SBU তে ২ টা অপদার্থ আছে। মাঝার এবং অশ্লীল শব্দ (মি*ন),  এই দুই অকেজো আগের MonWin এর মতই। অফিসে আসে, খায় ,  ঘুরে আর সবাইকে প্যারা দেয়।  কে কি করতেছে, মানে কে নিচে গেলো, কে ডেস্কের কম থাকলো সেগুলার নজর রাখে অশ্লীল শব্দের নামধারক।
মাঝারের আশেপাশেও মানুষ যেতে ভয় পায় কারণ এই লোক যদি কোন কথা শুরু করে তো সারাদিন শেষ 😄
HR - এই টিমে ২-১ জন বাদে সবাই অকেজো।  এদের আরো কয়েকশবার BBA পড়াইলেও HR এর কাজ পারবে না। কোন পলিসি ঠিকঠাক বানাইতে পারে না, বানাইলেও সেটা শুধু খাতা কলমে থাকে কিন্তু এক্সিকিউট করতে পারে না।
রিসেন্টলি একজনের এক্সিটের সময়ে নোটিশ পিরিয়ডের চেয়েও বেশি সময় জোর করে চাপ প্রয়োগ করে রাখা, যেই কোম্পানিতে যাবে সেখানে ফোন দিয়ে ঝামেলা পাকানোর খবরও শুনলাম।
এক্সিটের সময়ে ভুলেও কোথায় যাচ্ছেন বলবেন না।
এই কোম্পানিটারে নাম দেওয়া যায় বাবা মায়ের দোয়া কোম্পানি, কিভাবে যে টিকে আছে তা আল্লাহই ভালো জানে।  এদের বিজনেস ফ্রেশার নিয়ে। অনেক ফ্রেশার নিবে, ১০ হাজার টাকা বেতন দিয়ে সেই অবস্থাতেই ক্লায়েন্টের কাছে চরা দামে বিক্রি করবে আর একটু সিনিয়র হইলে যখন বেতন বেড়ে যাবে তখন চাপ দিবে যেন চলে যায় (যদি না কারো কোন কিছু চাটতে শিখে)।  SBU চেইঞ্জ করতে চাইলে একটা স্ট্র‍্যাটেজি ফলো করবে, প্রতি রিভিউ এর সময় বেঞ্চে দিবে আর বুঝানোর চেষ্টা করবে আপনি একটা অকেজো।  এই চাপ দেওয়ার একমাত্র কারণ যেন সে নিজেই চাকরী ছেড়ে চলে যায়।
অনেকেই চিন্তা করছেন এত বাজে লোক একজায়গায় কিভাবে জমছে?  আসলে এখানে জয়েন করে চেটে চেটে বড় পজিশন হোল্ড করছে এবং জানে অন্য কোথাও গিয়ে এই সুবিধা পাবে না তাই আর যায় নাই কোথাও।  এভাবে জমতে জমতে অকেজো লোক দিয়ে পরিপূর্ণ হয়ে গেছে।
এখানে জয়েন করার আগে সাবধান, বিশেষ করে সিনিয়র হয়ে। কোম্পানির টাউনহল মিটিং এ মালিক বলে আপনাদের কেউ বন্ধুক ঠেকায়ে বলে নাই এখানে থাকতে।  ভালো না লাগলে চলে যাবেন 😄
এতক্ষণ বাজে রিভিউ দিলাম এখন কিছু ভালো রিভিউ দেই,
1. কোম্পানি সময় মত স্যালারি দেয়
2. অনেক বার বোনাস দেয় ( যদিও এমাউন্ট ২-৪ হাজার 🫢 এটা হচ্ছে আই ওয়াশ)
3. WPPF দেয় (এমাউন্ট ৫ হাজার 🫢)
4. Gratuity আছে (শর্ত প্রযোজ্য,  জয়েনের আগে জেনে নিয়েন)
5. Fund (শর্ত প্রযোজ্য, জেনে নিয়েন)",11,0,5,Negative
9,Brain Station 23,Software Engineer II,"April 01, 2026",নেপো কিড পুষার আসল রহস্য,"অফিস এ একটা নেপো কিড আছে যার নাম বললে সবাই চিনবে।  বেটাকে হুট্ করে SBU হেড বানাইল।  আরো অনেক স্কীলড + যোগ্য মানুষ কে বাদ  দিয়ে। ২-৩ বছর পরে ইন্টারনাল মেয়ে ঘটিত কেলেঙ্কারি। টপ ম্যানেজমেন্ট পুরা জিনিষটা ধামাচাপা দিয়ে ডিফেন্ড করল। নেপো কিড এর একটা গফ ও ছিল যে ছাইড়া দিসে আসল কাহিনী জানার পর। তাও ম্যানেজমেন্ট এইটাকে ফায়ার না করে আরেক গার্বেজ দল এর সাথে সেট করলো। নিজেরে বলে ইনোভেশন হেড।  আসলে ঠিক ই আছে , সব গার্বেজ এক জায়গা। এখন সে vibe  কোড দিয়া কোম্পানি এর জন্যে এমপ্লয়ী bully করার টুল বানায় , কোডিং তো পারেনা। নেপো কিড পুষার আসল রহস্য এটাই যে এদের দিয়ে কোম্পানি এর dirty  কাজ গুলা করে নেয়া যায়। নাম দিসে হ্যাপিনেস টীম।  হাস্যকর।",13,2,16,Negative
10,Brain Station 23,Sr Software Engineer,"March 22, 2026","নেপোটিজম, Salary রিভিউতে বাহানা প্রতিবাদ করলে L&D, তারপর দোজখ খানা।","Br@in ষ্টেশনের প্রায় ৫ বছরের আমলনামা -
করোনার পরবর্তী থেকে PLC হওয়া পর্যন্ত ও আগের ম্যানেজমেন্ট অনেকটা ষ্ট্যাবল ছিলো এবং যথেষ্ট ভালো। তখনও কিছু দালালের আবির্ভাব হয়নি।
এখন কথা বলবো PLC হওয়ার পর তাদের কর্মকাণ্ড।
যারা Br@in ষ্টেশনকে বাংলার গুগল ভাবেন তাদের জন্য প্রথমে সমবেদনা, যদিও কিছু কদু বিভিন্ন প্রোগ্রামে একটু চেটে দেওয়ার মত করে প্রশংসা করে: এটা বাংলার গুগল। মানে লজ্জা-সরম ডাষ্টবিনে ফেলে আসলে যা হয় আরকি।
এদের প্রথম কাজ সুন্দর ভাবে জুনিয়র হিসাবে ১০ হাজার টাকায় ঢুকাবে, নামে মাত্র বেতন দিয়ে ক্লাইন্টের বাঘা বাঘা কাজ বিড়ালের মত করাবে, এরকম না শেখাবে যদিও শেখাবে নামে মাত্র, কেননা এখন সিনিয়রদের অভাব অনেক। হ্যা আর বলবে ট্রেইনিংয়ে কিসের এতো বেতন, আমরা শেখাচ্ছি, তাই বেশি টাকা যৌক্তিক না। যদিও নতুন হিসাবে জুনিয়রদের শেখাটা জরুরি তবে এখানে কোয়ালিটির থেকে কোয়ান্টিটি শেখানো হয়, দিন শেষে ব্রেইন ড্রেইন, যা কিনা দেড় বছরের পর থেকে বুঝা যায়।
উপরের সারিতে পেট মোটা টেপকা ম*জি* এর মতো তেলবাজ দালাল রাখবে SBU Europe এ, এই লোক ফার্মাসিতে পড়াশোনা করেছে, তারপর কসমেটিকসের কম্পানি থেকে উঠে এসে sbu head রা*°লের বন্ধুর পরিচয়ে বসে আছে প্রজেক্ট ম্যানেজার হয়ে ও অন্যান্য কিছু পদে, যেগুলোর জন্য মাথা মোটার কোন যোগ্যতা নেই।
তোতা পাখির মতো বুলি আওয়াড়ানো ছাড়া এই লোকের কোন স্কিল আছে কিনা জানা নাই। এই ব*লদ নিজে একটা প্রজেক্ট ম্যানেজার, কিন্তু এই বেটা যে প্রজেক্ট এ আছে, টিম লিড সব হ্যান্ডেল করতে হয়, এদিক সেদিক ঘুরাঘুরি ছাড়া তার কোন কাজ নেই, যখনই যাবেন হেডের পিছনে ঘুরতেছে, এটা ছাড়া কাজ নেই, মাঝে মাঝে ওয়াস রুমের দিকে গেলেও দুটোকে এক সাথে দেখতে পারবেন। এই প্যাটকা একা অনেক গুলো প্রজেক্ট নিয়ে নিজের পারফরম্যান্স জাহির করবে, তবে বাস্তবতা হচ্ছে ওই সব প্রজেক্ট হ্যান্ডেল করছে টিম লিড বা অন্য কেউ, কিন্তু ক্রেডিট নিচ্ছে উনি, তার প্রজেক্ট নিয়ে তেমন জ্ঞান নেই।
সর্বোচ্চ মিটিংয়ের নামে বিজি থাকার ভান করে, আমার প্রজেক্টে ম্যানেজার হিসাবে থাকা কালিন কোন কন্ট্রিবিউশান দেখি নাই ব্যক্তিগত ভাবে। এই লোক যে কিচ্ছু পারে না, অন্যদের খোঁচানো, ব্যক্তিগত আক্রমণ, নিজের ভুল গুলো অন্যের উপর চাপানো ছাড়া।  তবুও বছরের পর বছরে বহাল তবিয়তে আছে, কেন?
নেপোটিজম।
SBU head বিভিন্ন প্রোগ্রামে আমাদের জানায়- সমস্যা হলে আমাকে জানাবে, তাকে ডিরেক্ট সামনাসামনি ম;/জিতের ব্যাপারে রিপোর্ট করার পরেও ভালো মন্দ কিছু বলে নি, কেন?
নেপোটিজম।
মাহ*জ ভাই আর আ*য়ার ভাই ছাড়া সজ্জন ব্যক্তি দেখি না, তারা আর যাই না হোক সহকর্মীদের মানসিক অবস্থা ও সিচুয়েশন বুঝে। আপনি না জেনে ভুল করেছেন, মন*জি এসে বলবে আপনি কম্পানি ও ক্লাইন্টের ক্ষতি করছেন জেনে বুঝে, আপনাকে মানসিক চাপে রাখবে, এটা অনেকের সাথেই ঘটেছে। সাইকোর লেভেল দেখেছেন?
ক্লাইন্টদের আমরা ইঞ্জিনিয়াররা এতোটা খারাপ ভাবে দেখি না তাদের খারাপ চাইবো, তবুও এর কথার ধরণ এরকম। প্রকাশিত অপ্রকাশিত এরকম বহু ঘটনা যারা জব করে তারা জানে, এই মা;লটা কম্পানির কি কি ক্ষতি করে যাচ্ছে, একদিন উপলব্ধি করবে কম্পানি।
আরেকটা আছে HR ডিপার্ট্মেন্টের টাকলা মু*-দ আরেক কাঠি সরেস এই প্রানী আপনার সামনে আমলনামা খুলবে আর বলবে অথেনটিক পারসন থেকে আপনার রিভিউ নেওয়া হয়েছে,  টপ ক্লাস পারফরম্যান্স লাগবে মানে টপক্লাস, কিন্তু উনাকে বাথ্রুমে যাওয়া আর রুমে অন্যদের নিয়ে গেজানো ছাড়া কোন কাজ আছে কি না জানি না।
এই বেয়াদবের অপমানের ধরণ দেখলে আপনি অবাক হয়ে যাবেন, এই বেটা মানুষ না অমানুষ বুঝা বড় দায় কিছু ব্যবহারে। এখানে HR ডিপার্টমেন্ট একদম আনপ্রফেশনাল।
জুনিয়রদের আপনার সামনে আপনাকে অবজ্ঞা করে প্রমোশন দিবে যাদের আপনি শেখাচ্ছেন। আপনাকে বলবে ৮ ঘন্টার বেশি কাজ করবেন না, তবে আপনার পারফরম্যান্স সঠিক হচ্ছে না বলে আপনাকে বুঝাবে দিন রাত ওনারশিপ নিয়ে কাজ করতে হবে। বাফার টাইমেও মাঝে মাঝে কিছু প্রজেক্টে থাকে না। নিজের বাসায় কাজ করতে হয়। তবে টাইম এন্ট্রি ৮ ঘন্টার বেশি না। তবে পারফর্মেন্স বোনাস দিবে যেটা নামে মাত্র।
আপনার রিভিউয়ের আগে আপনাকে নানা ভাবে প্রমোশন আটকানো হবে, যদি প্রতিবাদ করেন পাঠানো হবে L&D।  সেটা আরেক জাহান্নাম খানা। নানা ভাবে মেন্টর আপনাকে টর্চার করবে, বুঝাবে আপনি অকেজো। আপনি L&D তে গেলে এমন সব মানুষ পবেন যাদের পটেনশিয়াল থাকার পরেও তারা ওখানে কেন? কেননা তারা মন মতো না বা বিরোধ হয়েছিলো কিছু ব্যাপারে। এই ব্যাপারটা হয় প্রতি ছয় মাসে রিভিউয়ের আগে। L&D তে আরেক বা** পাকনা আসবে, খুব জানতা তার এক কোর্স পন্ডিতে প্রাইজ লারাভেলে ১লাখ, এই বেটা আপনাকে নানা ভাবে মেন্টাল টর্চার করবে, আর নিজের নানা ব্যাপার জাহির করবে, কোথায় কি করেছে। আপনাকে AI subscription কিনে ইউজ করতে বলবে, মানে অফিসের কাজ নিজের টাকা দিয়ে সাবস্ক্রিপশন কিনে তারপর করতে হবে। দু একজন ছাড়া কাউকে AI subscription দিতো না আমাদের সময়।
৪/৫ বছরের বেশি অভিজ্ঞতা নিয়ে কেন তারা এখানে জয়েন করে বুঝি না। জুনিয়র হিসাবে জয়েন করলে ম্যাক্সিমাম ক্যারিয়ার গ্রোথ ১/১.৫ বছর এর বেশি না। তারপর থেকেই শুরু হয় আসল খেলা। নানা ভাবে অফিস পলেটিক্স এ পরে গেলে ক্যারিয়ার শেষ। তবে হ্যা একটা উপায় আছে - SBU হেড হা*গতে, মু*ততে, খাবার খেতে গেলো শুয়া*রের মতো চাটতে পারলে প্রমোশন নিশ্চিত। কারণ এরকম কিছু দলই আছে যাদের কাজ SBU হেডের পিছনে পড়ে আছে, আর স্কীল ছাড়া আধু ভাই হয়ে টাকা কামাচ্ছে। নো স্কীল। তবে হ্যা HR ডিপার্টমেন্ট এ ঢুকতে হলে ওজন হতে হবে ১৮০ কেজির উপরে ও হাসাহাসি করার মাত্রা ৮০ ডেসিবলের উপরে হলে আপনি প্রোএকটিভ যদিও এটা দেশি মুলাতে পাওয়া, এটা সত্য। HR গুলো কতোটা আনপ্রেফেশনাল সবার জানে। একজন ইঞ্জিনিয়ারের সাথে কেমন আচরণ করবে এই বেটা টাকলা জানে না।",26,0,15,Negative
11,Brain Station 23,Software Engineer ll,"February 25, 2026",Misogyny on the rise,"Now what I'm gonna share might not be true for you as I am facing this only in my team. Do members from other teams face this as well? I dont know, maybe or maybe not.
So first of in my team I am the only female. I joined 1 yr ish ago. And everytime theres a chance to get a new project/assignment or scope to attain a certification on behalf of the company. Our line manager says, lets offer this to X first ( x is my peer level 2, joined with me) if he doesnt wanna do it then you can do it. I have often and always communicated how I am capable of something and how I can do it. Their response? oh you're married spend time with your husband, he is a bachelor let him do it. I only get the opportunity only after X rejects it.
During appraisal? ofcourse im not getting much, reason? oh X did everything you didnt. I communicate that I wasnt even given the option. Their response? I mean yeah youre a woman who just got married, why would I deprive my fellow bhai (refering to my husband) from his wife.
Now my frnd is in my flutter team, she on the other hand has had an amazing ecperience. So yeah bs23 itself isnt bad. But there are some bad team leads. Bs23 needs to regulate these better.",12,2,2,Negative
12,Brain Station 23,Software Engineer 1,"February 06, 2026",One Day Leave for a Once-in-20-Years Election,"After nearly
20 years
, our country finally gets a
proper national election
. A historic moment. People are excited, emotional, proud. We have around
750 employees
, scattered all over the country, many of whom actually need time to
travel home to vote
.
Now enters our company — the true champion of democracy 🙃
While the
government responsibly declared holidays the day before, the election day, and the day after
(you know, so citizens can actually participate), our company bravely decided:
👉
“One day is more than enough. Figure out the rest yourselves.”
Because obviously, teleportation exists. Overnight travel is free, instant, and not exhausting at all. Democracy apparently works best when employees are stressed, rushing, and worried about attendance instead of voting.
The result?
Frustration. Disappointment. And a very clear message:
Productivity > civic responsibility > basic common sense.
This decision shows how “employee-centric” the company really is. They technically followed the minimum requirement, then proudly stopped thinking. A masterclass in doing the bare minimum while still managing to disappoint hundreds of people at once.
If you’re looking for a workplace that celebrates national milestones, respects employees as citizens, and understands real-life logistics — this probably isn’t it.
But hey, at least we got
one
whole day. Democracy should be grateful, right? 👏",7,0,2,Negative
13,Brain Station 23,SSE,"October 27, 2025","Nepotism, Envy & need oiling skill to secure job","Not good for long term career, poor commitment
Oiling skill is required
Due to nepotism & Envy, it could be that, you were given a task to complete in 2 weeks whereas the same task could be give given to another guy to complete in 3 months. And even he/she could not complete in 3/4 months, it is ok for that guy
Job is insecure
No value of dedication
Salary is low compared to work and dedication
Team communication and collaboration is poor",11,0,1,Negative
14,Brain Station 23,Engineer,"August 30, 2025","Meeting theatre, zero DRI—Friday pager ruins family life","Meeting theatre, zero DRI—Friday pager ruins family life
Daily standup → backlog grooming → “quick sync” → director review—চারটে মিটিং, outcome শূন্যা। একই মডুলে ৩টা squad; ownership জিজ্জেস করলে ৫াজনকে tag—কেউকে নিশ্চিত না। Microservice ডজনখানেক, runbook নাই; prod issue এলে senior বলে “quick patch push dao,” তাপর Monday RCA যেটা কেউ পড়ে না। Friday রাত pager duty fixed, কিন্তু allowance বা স্ট্রাক্চার্ড rotation নাই; Saturday সকালে বাচ্চার sports day miss—response: “start-up mindset rakhte hobe.” Eid/পূজোর ছুটি global model-এ trim—local reality ignore; reimbursement late; laptop replacement SLA কাগজে। Growth framework “next cycle dekhi”—জেতা কখনই আসে না। TL;DR—সময় খায় মিটিং, মন খায় politics, আর weekend খায় pager.",8,0,4,Negative
15,Brain Station 23,Sr SWE,"August 15, 2025","BS: The good, the bad, the ugly","I will start with the positives
First and foremost, BS hires fresh graduates in large volume. Honestly, I don’t know any other company in the country that does this at such scale. They deserve credit for that (even if they do profit massively from it).
Timely salary before the end of current month. (Shouldn't be a positive, just a norm. But it's Bangladesh so!)
Most teams try to follow modern tech stack and best practices as per what I've seen.
Performance bonus and WPPF. (No life changing amount but still good to have)
Never faced any issues taking leaves.
Good learning scope as a junior.
Now let's get to cons.
Salary is below market standard.
Increments are poor.
Medical benefits? What medical benefits?
Not a great place for senior devs in general. Growth stalls, and you often hit a ceiling.
Role structure is ambiguous and shady.
No transport facility.
Lunch and snacks are sub-par.
Now let't take a look SBU wise. For those unaware, SBU stands for strategic business unit. As BS is a large organization it is divided into several SBU's that operates semi independently. So each SBU has their own cultures and quirks based on its leaders.
NopCommerce - Reputation wise the worst SBU of BS with many people comparing it to a garment factory. The main players there are total psychopaths. That said, the growth is actually solid... if you survive.
Fintech - Another garment factory like SBU. The SBU head has a bad rep, heard he loves to intimidate devs. Work life balance is non existent.
Healthtech, Unipet- The leaders are level headed. Overall OK.
PNC, Javascript - Don't have enough idea to comment.
Europe - Considered better than the rest of the SBUs. Good leaders and proper career growth. Good work life balance too.
Not SBU but departments
Business development - Entry requirement - You have to be over 200kg and speak louder than 85dB.
Accounts n Finance - Entry requirement - You must not be a woman to get in here. (Hello based department?)
Admin - Idk what they do, see them walking like NPCs sometimes.
HR, L&D - Just chill and goon in your cube. (Hello based department?)
N.B. - You may a have a different experience if you're from ayub.",16,1,10,Negative
16,Brain Station 23,Anonymous,"August 14, 2025",Ownership Station,"রিভিউ:
প্রতি ছয় মাস অন্তর রিভিউ হয়, এবং সেই রিভিউর মাধ্যমে
২০০০–৩০০০
টাকা বেতন বাড়ানো হয়। হয়তো কেউ বলবে, ""আমার তো
৮০০০
বা
১০০০০
টাকা বাড়ে।"" কিন্তু সত্যি বলতে, ৮০০ জনের মধ্যে কার কত বাড়ছে — তা নিয়ে একটা সার্ভে করা যেতেই পারে।
বোনাস ও প্রোমোশনের বৈষম্য
এবার আসা যাক বোনাস ও প্রোমোশনের ব্যাপারে। অনেক SBU বা প্রজেক্ট আছে যেখানে কর্মীরা
৩০০–৪০০
% পর্যন্ত বোনাস পায় এবং সময়মতো প্রোমোশনও হয়। কিন্তু কেউ কেউ হয়তো ২০০% বোনাস পাচ্ছে, অন্যদিকে কেউ পাচ্ছে দ্বিগুণ — ৪০০%। কেন এই পার্থক্য? তখন বলা হয়, ""তোমার স্কিল নেই"", ""তুমি কম ভ্যালু যোগ করো"", অথবা ""তোমার প্রজেক্ট লস করছে। ওনারশিপ কম।""
কিন্তু এখানে মূল প্রশ্ন: জয়েন করার সময় কি কেউ SBU বা প্রজেক্টে জয়েন করেছিল, নাকি কোম্পানিতে? যদি কোম্পানিতে জয়েন করে থাকি, তাহলে কোম্পানির মোট আয়ের ভিত্তিতে পারফরম্যান্স বিচার হওয়া উচিত, আলাদা আলাদা প্রজেক্ট ধরে নয়।
প্রোমোশনের অনিয়ম
তুমি দেখবে, একই দিনে দুইজন জয়েন করেছে, কিন্তু একজন ইতিমধ্যেই এক ধাপ উপরে চলে গেছে। আবার কেউ কেউ যারা একসময় ট্রেইনি ছিল, এখন তোমার সমান পজিশনে। তখন বলা হয়, ""ও অনেক ভালো কাজ করছে, অনেক নতুন নতুন কিছু করে ফেলছে, ওনারশিপ নিচ্ছে।""অনেক সময় দেখবা ক্লাইন্ট কে শো অফ এর জন্য তোমারে রাতা রাতি ২ টা  প্রোমোশন  দিয়া দিছে, হয়তো ঔ পজিশনে যে ছিলো চলে গেছে/ এখন একজন ঔ ডেজিগনেশন এর লোক লাগবে। কিন্তু তুমি ঔ পজিশনে উঠার এখনো সময় হয় নাই।
কিন্তু বাস্তবতা হলো — অনেক সময় ভিন্ন SBU বা প্রজেক্টে বেতন-বোনাস বেশি থাকে, তাই তারা এগিয়ে যায়। অনেকে আবার এদিক ওদিক ঘুরতেও যায় আর তোমারে নিয়া যায় নতুনবাজার।
কিন্তু তুমি যদি এমন কোনো পুরোনো প্রজেক্টে কাজ করো যেটা অনেকটা
১৯৭১
সালের মতো (অর্থাৎ, পুরাতন প্রযুক্তি, আপডেট নেই), তাহলে তুমি কীভাবে 'ফাটাফাটি' কাজ করবে?
রিভিউর সময় বলা হয়, ""গ্রোথ কম"", ""বাসায় শিখো"", ""নিজে নিজে স্কিল বাড়াও।"" প্রশ্ন হলো, যদি বাসায় সবই শিখে নেওয়া যেত, তাহলে স্কুল-কলেজ, ভার্সিটি কী জন্য? বাসার কাজ আর প্রোডাকশন লেভেলের কাজ এক নয়। একদিকে একজনকে দিয়ে ইনকামিং প্রজেক্টে হাই-টেকনোলজির কাজ করানো হয়, অন্যদিকে সেই সুযোগ দেওয়া হয় না শেখার। কিন্তু তেমাকে দিয়েও কাজ করাচ্ছে, কাজ না থাকলে তো তোমাকে রাখতো না, পুরাতন কাজ করে তুমি টাকা আনতেছ ঠিকই কিন্তু নাম হচ্ছে না।
বিভিন্নভাবে ‘ওনারশিপ’ দেখানো হয় — কেউ কেউ প্রজেক্টের আসলে কিছুই জানে না, শুধু মিটিং করে আর ‘তেল’ মারে। সারাদিন ব্যস্ততা দেখালেও বাস্তবে প্রোডাকটিভ কিছু করে না।
মানুষ কেন থাকে?
তাহলে প্রশ্ন ওঠে — মানুষ এখানে কেন থাকে? বাস্তবতা হলো, ধীরে ধীরে পুরাতন ভালো রিসোর্সরা কোম্পানি ছেড়ে চলে যাচ্ছে।
সব সময় বড় কোম্পানি হওয়াটাই লক্ষ্য হওয়া উচিত নয়। বরং অল্প সংখ্যক লোক নিয়ে ভালো ও ইনোভেটিভ প্রজেক্ট করেও নামি কোম্পানি হওয়া সম্ভব।",11,1,4,Negative
17,Brain Station 23,Sr Software Engineer,"July 30, 2025","নেপোটিজম, তেলবাজি ও জুনিয়র ফ্যাকটরি","নেপোটিজম এখানে কমন সমস্যা, SBU হেডের আশেপাশে ম্যাক্সিমাম চাটুকার ও ইনফ্লোয়েন্সার। কিন্তু অনেক মানুষ যোগ্য হলেও নানা হেনস্তার স্বীকার হওয়াটা স্বাভাবিক। কর্মীর প্রাধান্যতার নামে সিনিয়র লেভেলে গেলে প্রতিনিয়ত হ্যারাস করা নিত্য কাজ। বিশেষ করে রিভিউয়ের সময় আসলে এদের হ্যারাসমেন্ট আরও বেড়ে যায়। নানা ভাবে বুঝিয়ে দিবে আপনার কেন রিভিউ হবে না, আরও গ্রো করে চাঁদে যেতে হবে। আর ভালো ভালো প্রজেক্ট জুনিয়রদের দিয়ে করায়, যে রেভিনিউ ভালো আসে আর কোড যেমন ইচ্ছা তেমন হোক সমস্যা নাই।  আগে ছিলো এসোসিয়েট সফটওয়্যার ইঞ্জিনিয়ার,  এখন সেটা বাদ দিয়ে ট্রেইনি থেকে ডিরেক্ট সফটওয়্যার ইঞ্জিনিয়ার ১ করা হয়েছে, স্যালারি ষ্ট্রাকচার আগেরটায় তবে ক্লাইন্টকে দেখায় বড় ইঞ্জিনিয়ার।  আনুপাতিক হারে সিনিয়রের এতো অভাব,  তাই প্রত্যেক টাউন হল মিটিংয়ে এদের মুখে শুনবেন শুধু লিডারশীপের অভাব। এই স্যালারি ষ্ট্রাকচার ও ম্যাক্সিমাম স্কীল ছাড়া তেলবাজ প্রডাক্ট ম্যানেজার দিয়ে কিভাবে সিনিয়র ডেভেলপার রাখবে এবং লিডারশীপ হবে জানি না? আমাদের দেখা যোগ্য ব্যক্তি একটাও ভালো ভাবে বের হতে পারে নি। তাদের নানা ভাবে ইনক্রিমেন্ট কমিয়ে দিয়ে বুঝিয়ে দিয়েছিলো তুমি চলে যাও, যেতে হয়েছে। কেননা তার আন্ডারে জুনিয়রের ইনক্রিমেন্ট তার থেকে বেশি হয়। এভাবে যখন নানা ভাবে বুঝাতে থাকে তখন নিজ থেকেই সিনিয়র চলে যেতে বাধ্য হয়। আমারো কয়েক মাস আগে এরকম হয়েছে। কিছু মানুষের পোস্ট দেখে ভাবলাম, সেম এপ্রোচ সবার বেলায় এপ্লাই করে এরা, সবাইকে একটা ডাইলগ দেয়, ওনারশিপ নিতে হবে যেটা আপনার মধ্যে নেই। যদি আজকে সিনিয়রদের চাটা যেতো তাহলে নাকি ওনারশিপ থেকে শুরু করে সবই হতো, এরকম বহু চ্যাটার প্রজেক্ট ম্যানেজার আছে যারা অন্যের থেকে স্লাইড বানিয়ে নিয়ে ক্লাইন্টের সামনে তাড়াহুড়ো করে মুখেস্থ প্রেজেন্টেশন দেয়, দিন শেষে এরা টিকে থাকে। নিজের প্রজেক্ট সম্পর্কে এক মিনিট বলতে দিলে সুন্দর ভাবে পারবে কিনা আল্লাহ জানে।",17,0,1,Negative
18,Brain Station 23,Interviewee,"July 30, 2025",৫ রাউন্ড ক্লিয়ার করার পর এখন ওদের ক্লায়েন্ট নাকি আমাকে পছন্দ করছে না।,ডিলে হচ্ছে জানানো হবে — প্রায় ৬ মাস হতে চললো।,11,0,2,Negative
19,Brain Station 23,Developer,"July 29, 2025",**** er Salary Structure,"What a F***ing Joke, Junior der diye shob kaaj korai, problem a porle oitao nije theke ber kora laage. Tight schedule a solo raat din ek kore project uthai dawa hoy, annual leave nawa hoy nah project dependencyr karone, ato kichu korar por dai **** er Increment. Bujhlam First Increment kom hoise, second ta te promotion disos **** er Increment hoise promotion er sathe, prothom Increment er cheyo kom. Maneh kono Standard Nai, ekta L2 er salary onno company r ekta fresher er cheye kom.
Shame on the Management!! Soon this company will be a digital garments factory.",12,0,1,Negative
20,Brain Station 23,Senior Software Engineer,"July 27, 2025",ক্যারিয়ার বাঁচাতে চাইলে দূরে থাকেন,"কোম্পানির পসিটিভঁ দিকগুলোর মধ্যে একটা হল এরা সহজে ফায়ার করেনা। সত্য। কিন্তু এরা আপনারে এমন সিচুয়েসন এ ফেলবে যে আপনি নিজেই চলে যাবেন। যেমনঃ আপনারে L&D তে পাঠানো হবে, কেন? কারণ প্রজেক্ট নাই। তাই আপনাকে নতুন জিনিস শিখতে হবে। ধরেন আপনি সারাজীবন জাভায় কাজ করে আসছেন, আপনার ক্যারিয়ার পাথ হবে সামনে সিনিওর হবেন, লিড করবেন! কিন্তু আপনাকে করাবে নাহ! নতুন কিছু শিখে না আপনি জাভার বস হবেন নাহ নতুন stack এর কোনকিছু ! এটায় আপনি নুব! L&D তে থাকা কালে আপনার increament হবে ৩ হাজার! এইসব মেনে নিতে আপনার লজ্জা লাগবে এবং আপনি ছেড়ে যাবেন।
ধরেন আপনি ছাড়তে পারলেন নাহ, হয়তো আপনার প্লানিং এ ছিলনা L&D পরবর্তী জীবন হবে আরও বিষধর, এখান থেকে যেখানেই যাবেন সেইখানে আপনি হবে ১) সবচেয়ে অবহেলিত ২) আপনি দেখবেন সেখানে আপনার জুনিয়র যারা আগে থেকে কাজ করছেন তারা আপনার rank পার করে ফেলছে কিন্তু আপনার কিছু হবেনা ৩) সেখানে যদি কোন প্রজেক্ট চলে যায় সেখান থেকে সবার আগে আপনাকে ছেড়ে দেওয়া হবে।
আরেকটা মজার কথা বলি এইসব হবে যখন রিভিউ হবে হবে ভাব এইসময়। ধরেন জুলাই তে রিভিউ হবে, আপনাকে জুনে L&D তে পাঠাই দিবে, আবার ধরেন অক্টোবরে নতুন টাইম যোগ দিলেন তখন রিভিউ এ শুনানো হবে - আপনি তো নতুন আসছেন! এর পরের রিভিউ তে দেখবো! এরা আসলে নিজেদের কি মনে করে জানিনা। এইসব আচরণ করে এইসব মানুষের কি আদও রাতের ঘুম হয়?
তাহলে BS এ কাদের ছিল লাইফ কাটে? ১) যারা SBU হেড এর আশেপাশে ঘুরঘুর করতে পারে ২) যারা লিডদের সাথে ঘুরঘুর করতে পারে ৩) HR আপনাকে চিনে। এই তিন ক্যাটাগরির হলে আপনি চিল লাইফ কাটাবেন। আপনার অফিস টাইম কতক্ষণ! আপনি আদও কাজ করেন কি নাহ! এইসব গুনার টাইম নাই
SBU হেড আপনাকে চিনেনা মানে আপনি কোন হনু হন নাহ কেন আপনার কোন গতি হবেনা। আপনি দেখবেন আড্ডা দিয়ে বেড়ায়, এই করে বেড়ায় ওঁই করে বেড়ায় তারা আপনার থেকে আগাই যাবে। লিডের সাথে খোস গল্প করেন নাহ! আপনার গতি নাই! আপনি একজন ট্যালেন্টেড ইঞ্জিনিয়ার, কাজ করতে পছন্দ করেন, আপনার কোন গতি নাই।
আপনি এইসব দেখে ছেড়ে যাবেন, আসলেই তো BS আপনাকে তো ফায়ার করেনাই! আসলেই BS কখনও ফায়ার করেনা।",19,0,4,Negative
21,Brain Station 23,Anonymous,"July 21, 2025","৩০-৩৫ হাজার টাকা বেতনের চাকরি দিতে এমন ইন্টারভিউ নেয়, মনে হয় Google এর চাকরি","Good luck facing a 5-phase exam process for a simple Associate Engineer position that pays around 30,000. Bonus: a dirty washroom. In some other top companies, you will get 50-60k with the same resume, with better food and washrooms.",20,7,5,Negative
22,Brain Station 23,Anonymous,"May 18, 2025",ইন্টারভিউ এর নামে হয়রানি,"এই কোম্পানিতে একবার ইন্টারভিউ দিয়েছিলাম। তখন জানতাম এটা বাংলাদেশের শীর্ষ স্থানীয় সফটওয়ার কোম্পানি গুলোর মধ্যে একটি।
প্রথম এমসিকিউ টেস্ট ও পরে প্রব্লেম সলভিং টেস্টে পার হয়ে টেকনিক্যাল ইন্টারভিউ এর জন্য সিলেক্ট হয়ে গেলাম। এই ইন্টারভিউও মোটামুটি ভাল গিয়েছিল। বলছিলাম হয়তো হয়ে যাবে।
ইন্টারভিউ দিয়েছিলাম বৃহস্পতিবার 6 টায়। 7টায় HR কল দেয় but আমি পিক করতে পারি নি। পরে কল দিয়ে আর পেলাম না সেদিন।
পরদিন শুক্রবার সকাল সকাল কল দিয়ে জানতে পারলাম তারা আমার ইন্টারভিউ নিয়ে ইতিবাচক এবং আমাকে 4টার দিকে অফিসে আসতে বলল HR এর সাথে একটা সেশন এর জন্য।
ভাবলাম চাকরীটা হয়ে গেছে, সেলারি ডিসকাস করতে ডাকছে। সেদিন আমার আরেকটা ইন্টারভিউ ছিল 5টায়। সেটায় আর না গিয়ে এখানে গেলাম।
সাড়ে 6টা পর্যন্ত বসিয়ে রাখলো। এরপর ডেকে বলল আরো একটা ইন্টারভিউ হবে, ক্লায়েন্ট ইন্টারভিউ। ডেট পরে জানানো হবে। ওই ইন্টারভিউ এর পরে কনফারমেশন জানানো হবে।
সেই ইন্টারভিউ এর জন্য ওয়েট করছি। ডেট পাচ্ছি না। জিজ্ঞেস করলে বলে ক্লায়েন্ট ব্যস্ত। দেড় মাস পরে অবশেষে ডেট পেলাম। ক্লায়েন্ট ভিলেজফোন। শুরু থেকেই চোখে একটা আবহেলাপূর্ণ ভাব। বলল, তাদের দরকার ছিল এমন কেউ যে হিউজ ইউজারবেস নিয়ে কাজ করেছে। তবে সমস্যা নেই।
বুঝতে পারছিলাম রেজাল্ট নেগেটিভ হতে পারে। তবে আশা করছিলাম। কারণ জানতাম অনেক ভাল কোম্পানি।
এবারো আবার দীর্ঘ অপেক্ষা। HR কিছু বলতে পারে না। ক্লায়েন্ট এখনো কোনো ফিডব্যাক দেয় নি, এই এক কথা শুনে অপেক্ষা চালিয়ে যাই। অবশেষে 1 মাস অপেক্ষা করার পর আশা ছেড়ে দেই।
মাঝখানে নষ্ট হলো আড়াই মাস। ক্লায়েন্ট ইন্টারভিউ এর আগ পর্যন্ত অনেক অপরচুনিটি ছেড়ে দিয়েছিলাম বোকার মতো। কারণ ওই, জানতাম অনেক ভাল কোম্পানি।",31,3,1,Negative
23,Brain Station 23,Software Engineer,"May 17, 2025",Shadow Coders and the Rise of Adhu Bhai,"Every
year,
they
launch
their
oh-
so-
glorious
""
Star
Coder""
program
like
it's
the
gateway
to
Silicon
Valley.
They’ll
say
you’re
getting
permanent
positions
instantly
,
but
surprise —
only
10-
20%
actually
get
that
offer
.
The
rest?
Welcome
to
TraineeLand
with
a
shiny
10,000
BDT
salary
and
dreams
sold
on
discount.
But
the
fun
doesn’t
stop
there.
You
think
you’ll
be
learning?
Nah.
You’ll
be
thrown
into
projects
doing
senior,
lead,
or
even
principal
engineer-
level
tasks
—
but
you’ll
still
be
a “
trainee.”
Meanwhile,
the
client
pays
for
a
senior,
but
it’s
you,
the
newbie,
who’s
actually
writing
the
code.
That’s
not
called
experience —
that’s
called
corporate
cosplay
.
The
logic?
Why
pay
one
skilled
senior
when
you
can
get
10
trainees
for
the
same
price
and
confuse
the
hell
out
of
the
client?
Result?
Buggy
code,
overworked
juniors,
and
vanished
project
quality.
Shocking?
Not
really.
And
the
seniors?
Well,
the
real
seniors
either
left
or
were
shown
the
door.
What
remains
is
the
Adhu
Bhai
Squad
—
the
ones
who
stayed
not
because
they’re
skilled,
but
because
they
mastered
the
ancient
art
of
giving
oil
to
the
SBU
heads.
These
folks
don’t
code.
They
run
with
laptops
the
moment
a
boss
enters,
just
to
look
busy
,
then
go
back
to
doing
what
they
do
best:
blame
juniors
.
In
this
company,
being
a
junior
means
you
are
expected
to
know
every
tech
stack
ever
invented
,
switch
from
.
NET
to
WordPress
to
Java
in
weeks,
and
deliver
like
a
machine.
No
specialization,
no
growth —
just
survival.
You’re
not
learning
a
stack.
You’re
stacking
stress.
Oh,
and
promotions?
bonuses?
They
act
like
the
company
is
about
to
collapse
during
review
season.
But
right
after
that?
Back
to
hiring
sprees
like
nothing
happened.
It’s
the
classic
""
mula
in
the
next
quarter""
trick.
Don’t
even
ask
about
the
HR
department
.
Slow?
No.
It’s
turtle
on
vacation
level.
But
if
you’re
from
that
one
specific
university
and
know
how
to
do
sanda
oil
,
you're
all
set
to
chill
there.
Lunch?
Provided.
But
you
might
question
your
life
choices
after
eating
it.
Bonus?
Comes
three
months
late
.
Because...
logic?
At
this
rate,
BS23
will
soon
be
run
by
an
army
of
adhu
bhais
,
and
trust
me —
that
ship
is
already
halfway
sunk.
Unless
they
start
respecting
real
talent
,
building
up
existing
employees,
and
focusing
on
actual
growth —
it’s
all
downhill
from
here.",26,2,4,Negative
24,Brain Station 23,Software Engineer,"May 16, 2025",Welcome to the Blame Station 23,"Mogoj
Station
23
might
look
like
a
tech
powerhouse
from
the
outside —
big
name,
many
projects,
global
clients,
and
a
cool
vibe.
But
once
you
step
inside,
you
realize
it’s
less
of
a
unified
company
and
more
of
a
bunch
of
SBUs (
small
business
units)
stitched
together
with
a
fancy
logo.
Each
one
runs
like
its
own
little
startup,
with
its
own
rules,
leadership,
and
chaos
level.
To
be
fair,
not
all
SBUs
are
bad.
Some
are…
fine.
Not
toxic,
not
great —
just
average.
You
do
your
tasks,
survive
your
meetings,
and
go
home.
No
one
yells,
but
no
one
really
helps
either.
You
float.
You
exist.
But
here’s
the
real
issue:
across
the
board,
there’s
very
little
focus
on
actual
growth
.
No
real
mentorship
No
proper
career
path
No
structured
learning
No
recognition
unless
you're
part
of
the ""
oil
club""
And
bonuses/
promotions?
Let’s
just
say,
don’t
hold
your
breath
In
some
SBUs,
it
gets
worse —
with
seniors
who
act
like
juniors
are
here
to
serve
them,
not
learn.
Their
main
job?
Blame
downwards,
praise
upwards,
and
pretend
to
be
busy
only
when
the
boss
shows
up.
You’ll
often
see
people
running
around
with
open
laptops
like
they’re
hacking
into
NASA,
but
the
second
the
manager
leaves,
it’s
back
to
chilling
and
blaming
juniors
for
literally
everything —
even
bugs
they
never
touched.
So,
if
you're
thinking
of
joining
BS23:
You
might
land
in
a
tolerable
team
and
just…
coast
Or,
you
might
find
yourself
stuck
in
a
loop
of
thankless
work,
minimal
learning,
and
zero
recognition
Either
way,
don’t
expect
to
grow
much
.
You’ll
get
tasks,
but
not
direction.
Work,
but
not
wisdom.
Deadlines,
but
not
development.
It’s
not
a
horror
story —
just
a
slow
burn
where
your
motivation
quietly
disappears,
and
one
day
you
realize…
your
career
hasn’t
moved
at
all.",20,0,2,Negative
25,Brain Station 23,Business Analyst,"May 15, 2025",এমপ্লয়ি ফ্রেন্ডলি কোম্পানি থেকে বাঁশ বাগান হওয়ার গল্প,"In the past two years, all the good employees have left. Everyone who was at the senior level is now working in other companies. More or less, those who were at the senior level have been turned into team leads.
Behind that, it’s just us left.
You can’t even share any negative news with the managers; if you do, they immediately get upset. Managers seem to misunderstand what you say; they apparently don’t know the difference between negative and positive. If someone wants to do something good, they find something bad in it and stop them from moving forward, telling them, “You just focus on your own project, you will get plenty of time for skill development.”
Still, I care about the company — the only reason being there are many friendly people around, and at one time there was a good mentor team lead.
Here, apart from software engineers, no other engineers or brothers have any opportunity for career growth.
There have been talks of changing the salary structure, but instead, dirty games have been played twice in the last two years.
I don’t like it here. The point is, I want to leave.
But before leaving, I want to give some advice —
Instead of opening branches or agencies in the country or abroad, focus a bit on the development of current employees.
Change the mindset of the managers.
Make or hire good team leads.
Take a bit of care for mid-level employees.
If employees are happy, they will do all work with their own interest.
Instead of hiring team leads from outside, create good employees from within.
Keep away the sycophants and brown-nosers.",24,1,0,Negative
26,Brain Station 23,Software Engineer,"May 15, 2025",মুলার ক্ষেত,"Mula Number 1
– Performance Bonus
Mula
Number 2
– Gratuity Fund
Mula
Number 3
– Two Performance Reviews per Year (Even with two reviews, the annual salary increase is only around 7 to 8 thousand taka – although 10% of employees get a significant raise)
Mula
Number 4
– Medical Insurance
Mula
Number 5
– Career Roadmap (There are so many employees that it’s hard to focus on anyone in particular)
Mula
Number 6
– Career Guidance (Junior to Senior ratio is unstable – there aren’t enough seniors to properly guide the juniors)
Mula
Number 7
– Promotion Based on Merit (After becoming a Senior or Team Lead, promotions happen very slowly)",23,1,0,Negative
27,Brain Station 23,Mid Level Manager,"May 13, 2025","Zero Leadership, Nepotism, Zero Clarity","Zero Leaders(hip)
Station 23 has a clear absence of leadership amongst its upper echelon. While the CEO is amicable at first, all of it ends when it comes to any discussion or criticism that differs from his point of view. He pushes only the ideas he believes are worthwhile and belittles or simply dismisses the ideas that can help the company but didn't come from his brain or book reading. This apparent lack of trust, understanding, and openness is prevalent amongst both the CEO and CTO.
Nepo-babies
Nepotism is universal especially at the SBU leadership and CXO roles. CTO is a prime example. He involves himself in evertyhing that a CTO isn't in charge of, while contributing absolutely nothing to technological advancement within the company. His idea of innovation is anything that the CEO calls innovation. He honestly provides no value addition to the company or the colleagues around him. The SBU head of Innovation
eyerolls
is another amazing example of incompetence meets job security. A brain dead wonder child that the CEO keeps around because you have to create jobs. Doesn't matter whether they work or not. Let me not start with the HR Head, you can ask anyone who isn't from the HR team and you will question why you work hard to earn a salary.
Zero Clarity
The leadership team has no clue where they want to take the company as a corporation. The only BS (pun intended) they'll feed you and themselves is the NGO vision of creating jobs. How? Why? When? Where? They wouldn't be able to answer. Not because they are busy exploring the realm of unknown, but because they are restricted by the stubborn, egoistic, mindset that no one knows better than them.
Conclusion
Honestly, if they were the talent hub as they claim, why aren't their top talented leaders being poached away with high salaries and puffy benefits? Why do they have to keep hiring a new Marketing Head every year?
The company had potential and honestly it came this far because of people like COO MJ F*rd*us, the CFO, and a handful of people who work and actually delivers.",20,2,3,Negative
28,Brain Station 23,QA,"March 19, 2026",Leadership in mess,"Br@in Station is a good company in terms of the talents they have. They hire some of the brightest minds in Bangladesh and makes them work for some of the dumbest creatures who do not know what they are doing. Eventually those once potentially good resources turn into depressed underperfomers. There is a lead business analyst, whose job is on papers to clarify things but whatever this guy touches turns into mess. There are project managers, who never really understood what actually project management is. The support functions are truly sucking the life out of the company. Most of these people do not know what they are doing. They have been in the organization since dinosaurs 🦖 and now just sucking the money out of company doing absolutely nothing for just being loyal. I like to believe that they are not actually loyal, they just couldn't find another job which would pay them as much as BS. So they stayed here as Lead business analyst, project manager, hr manager. If management doesn't remove some of these so called leaders, this company is going to get nowhere near being a global company. I hope management makes some old age homes for these guys and shifts them there. At least they won't mess up others who are trying to build things.",8,0,2,Mixed
29,Brain Station 23,Anonymous,"August 03, 2025",Frustration Station,"In the long run, people will start seeing you as nothing but a miserable failure. The review process is a joke—some PMs seem completely clueless, acting like they’re high and just winging it. They submit reviews however they want, with no logic or fairness.
All the leads have their own camps and keep playing internal politics. One team actually works hard, while the other just talks and takes credit—turning 1% effort into 100% recognition. Juniors are treated like workhorses and pushed beyond limits.
What’s the point of earning money like this when projects are already failing and more are bound to? Is it so hard to pay people properly? Is it such a problem to retain skilled seniors? Instead, they let underqualified people with no CSE background lead teams—what else do you expect?
Even the good people are slowly turning toxic in this environment. These problems need to be exposed.",12,0,4,Mixed
30,Brain Station 23,Software Engineer,"May 31, 2025",অফিসে লাঞ্চ করা এদের সবচেয়ে বড় প্রজেক্ট,"অনেকদিন ধরে এই জিনিস টা মাথায় ঘুরতেছিল। B5 23 এর লোকজন এর কি বাসায় খাবার নাই? অথবা এরা এতই পুর যে নিজে কিনে খাওয়ার সামর্থ্য নাই?
এদের ২০ টা পোস্টের মধ্যে ১৭ টাই অফিসের লাঞ্চ নিয়ে কমপ্লেন। এইটা নাই, সেইটা নাই, লেগপিস নাই, ঝোল কম আলু নাই, খাসি আছে গরু নাই, শসা আছে লেবু নাই। আরে ভাই এসব কি? অফিসের লাঞ্চ ভালো না লাগলে বাইরে গিয়া খান অথবা বাসা থেকে নিয়ে আসেন অথবা জব চেঞ্জ করেন। কিন্তু দেশিমুলার মত কনস্ট্রাকটিভ জায়গায় এসে এসব ফালতু বিষয়ে হাউকাউ করবেন না প্লিজ।",9,37,11,Mixed
31,Brain Station 23,Developer,"May 29, 2025","ভাল কিছু করা সম্ভব, যদি!","আমার মতে কোম্পানির মূল সমস্যা ৪ টা। তারমধ্যে মারাত্মক সমস্যা ৩ টা।
১. সিনিয়র / মিড লেভেলের ব্যপক ঘাটতি
২. এডমিন ডিপার্টমেন্ট
৩. স্যালারি স্ট্রাকচার
৪র্থ টা লাঞ্চ, সমস্যা টা অনেকের কাছে বড়। কিন্তু কোম্পানির সদিচ্ছা থাকলে সহজে সমাধান করতে পারে। বাকিসব সহজে সমাধান সম্ভব না।
এখানে সুবিধার কথা বলতে গেলে অনেক কিছুই বলা যায়। বাট সেগুলোর বেশিরভাগ মৌলিক অধিকার, অথবা কোম্পানি অঙ্গীকারবদ্ধ তাই আলাদা করে মেনশন করার কিছু আছে বলে মনে করিনা।
ডেভেলপারের ক্যারিয়ার ফ্রেন্ডলি বেশ কিছু পয়েন্ট আছে এখানে। বিশেষ করে জুনিয়রদের জন্য। সবচেয়ে বড় পয়েন্ট, সহসা কাউকে ফায়ার করা হয় না। প্রজেক্ট শেষ হলে বাই বাই টা টা বলতে শুনিনি কখনও। একজন ডেভেলপার এক টিমে না পারলে অন্তত ৩/৪ টা টিমে টেস্ট করানো হয়। সব টিম থেকে খারাপ রিপোর্ট গেলেই শুধুমাত্র লিভ করতে বলা হয়।",9,1,3,Mixed
32,Brain Station 23,Employee / Well Wisher,"May 27, 2025",Mixed Review: Brain Station 23,"Pros:
- Timely salary and additional benefits like gratuity, performance bonus, and leave encashment.
- Good environment for freshers to learn and grow professionally.
- Medical insurance is provided (though it has limitations).
- Helpful people all around, even you can talk to the CEO directly
- Good amount of leaves annually
- They work on lots of modern technologies.
- Separate learning development, and highly encourages to complete various courses they assign for free
Cons:
- Competitively low salary compared to industry standards.
- Bad lunch quality—needs immediate improvement. Fire the admin department guy, problem will be solved.
- Management discourages negative feedback, creating a culture of silence.
- No annual tour*
- Very poor admin department—inefficient and unresponsive to employee needs.
- Medical insurance is a joke—joke means absolute joke.
Suggestions for the CEO:
1. Revamp the Admin Department—either shuffle staff or bring in more competent professionals to improve food quality and overall efficiency.
2. Re-evaluate Salary Structures—offer more competitive pay to retain and attract talent. Don't try to balance all types of employees together
3. Encourage Open Feedback—create a culture where employees can voice concerns without fear.
4. Improve Medical Benefits—enhance insurance coverage to meet employee needs.
5. Consider Annual Tours—boost morale by reintroducing company outings.
Station 23 has potential, but addressing these issues could make it a much better workplace.",26,2,6,Mixed
33,Brain Station 23,Anonymous,"May 26, 2025","While as a Company BS is great, there are some middle managers who are unqualified and unprofessional to lead a team","I want to share my experience regarding an SBU named U****t. While the top management of U****t is highly professional and knowledgeable, the middle management is completely unprofessional and, frankly, a disgrace.
There is a certain PM in the SBU who lacks a basic sense of boundaries and displays zero professionalism. Even in her role as a QA, her qualifications are well below standard. All she has is a loud mouth and a constant urge to win arguments with sheer volume. It’s unfortunate that in a company like BS, such unproductive and unprofessional individuals still exist.
The same applies to a certain Tech Lead in the team. He has very limited technical knowledge yet behaves as if he knows everything. He is clearly neither smart nor qualified enough to lead a team or engage with clients. How someone like him ended up in a leadership position is beyond comprehension.
I believe even the upper management of U****t is aware of this dysfunctional duo, but no action has been taken to improve the team or raise the standard.
It’s disappointing that BS claims to be an industry leader, yet key roles have been filled with such glaring incompetence.",25,14,4,Mixed
34,Brain Station 23,Senior Software Engineer,"May 21, 2025","A Mixed Bag for Developers, Great Perks, but Senior Dev Looks Elsewhere","1) Timely Salary. Salary plus other financial benefits are decent, but on average 20-30% lower than other similar statured software companies.
2) Two yearly increment. Again 2 generally less than one increment from other similar statured software companies.
3) Fully subsidized lunch. Provided by catering. Catering does change a lot. So quality flactuates.
4) Office environment and sitting arrangement is good.
5) Flexibility in office timing and work from home opportunities
6) Good leave policies. Leave encashment is available for unused annual leave.
7) Office politics is at extreme level. Mogoj has a lot of employees, so to get promotion or decent increment you have to stand out. My first team lead said ""নিজের ঢোল নিজে পেটান"". So people try to stand out and also try to shit talk about teammates to managers to get ahead. Absolute shithousery in this aspect.
8) HR's make lot of promises. But rarely keep it. Can't rely on them or their words.
9) Lots of employees actually work from client's premises. In that case 3,4,5 is not applicable. Generally client's premises environment is horrible.
10) Medical insurance and provident fund. Insurance is upto 25k in a year. In case of any emergency I doubt that will help.
11) Good learning opportunities. Office will provide training material or pay for it. You have to convince your sbu head. Generally not that difficult. You can get great guidance from seniors if there's any in your team.
12) Project management is total lottery. If team lead is great, you will have good time. If not sorry for you.
13) There is lot of praise about mogoj that they don't fire employees. That's because hr will tell you to resign. No firing😁
Overall I will say, it's a mixed bag. In perspective of bangladesh, there are not many software companies that has the pros like them.
If you are a senior developer, If you are decent at what you do, you will probably look at other similar statured companies and you will think why should not I go to those places and get paid 20-30% more ! Probably this is the reason why senior developers don't stay here. That is why Mogoj has a scarcity on senior resource.
Blend of appealing benefits and frustrating realities. For junior developers, this can be a valuable stepping stone, but for experienced professionals, the lower pay and lack of senior retention make it hard to ignore better opportunities elsewhere.",18,1,0,Mixed
35,Brain Station 23,Senior Software Engineer I,"May 16, 2025","সবই মানলাম, কিন্তু খাবারটা....","সত্যি বলতে, এইখানে অনেক টীম, অনেক প্রোজেক্ট। এক এক টিম আর প্রোজেক্টে আলাদা আলাদা এক্সপেরিয়েন্স। তাই জেনারেলাইজড করে কিছু বলবো কীভাবে বুঝি না।
অনেক অনেক পজিটিভ বিষয় আছে। কিছু Unclear পজিটিভ বিষয়ও আছে, আমার ধারণা কোম্পানি ইচ্ছা করে ইম্পলয়িকে বিস্তারিত বলে না কিন্তু সুবিধা দিয়ে রাখছে, যারা জানে প্রোপার ইউজ তারা নেয়। যেমন গ্রাচুইটি, প্রোভিডেন্ট ফান্ড (লোন), মেডিকেল ইন্সুরেন্স ইত্যাদি। আমি অনেককে দেখেছি যারা বিস্তারিত জানেই না। HR বা কেউই বিস্তারিত বলেও নাই। তাই বুঝে উঠার আগেই এগুলো নিয়ে একটা নেগেটিভ ধারণাও হয়, যদিও বুঝলেই এটা খুবই পজিটিভভাবে কাজে লাগাতে পারে অনেকে।
অনেক টিম হয়তো ৪/৫ বছরে টিম আউটিং ও করে নাই। আবার অনেক টিম বছর বছর দেশ বিদেশ ঘুরছে। কোনোটাতে কোম্পানি নিজে স্পন্সর করে। কোনোটাতে ক্লায়েন্টই স্পন্সর করে। তাই কোন টিম যে ক্লায়েন্ট থেকে সুবিধা পাবে এইটা পুরাই লাক।
খারাপ আছে বেশ কিছু জিনিস। তার মধ্যে কিছু সিনিয়র আছে তাদের ""ল্যাকিংস"" গুলোকে মেনে নিতে পারেন না ও স্বীকার করতে চান না, যদি জুনিয়র প্রোমোশন পেয়ে যায়। তখন তাদের বদ্ধমূল ধারণা হয় জুনিয়র তেল মেরে উপরে উঠছে। অথচ জুনিয়র দেখা যায় সাতেও নাই, পাচেও নাই। তখন সেই সিনিয়র দেখা যায় জুনিয়রের পিছে পড়ে যায় নিজের ল্যাকিংসগুলো শুধরে না নিয়ে। এটা খুবই দুঃখজনক।
আরেকটা কথা, ভাই, খাবারটা প্লিজ। দুপুরের খাবার, বিকালের নাস্তা, কফি.. সবই বাজে। কফিতে চিনি অতিরিক্ত। এর চেয়ে বরং চিনিই দিয়েন না। লাগলে নিক। দুপুরের খাবারের মান অতি জঘন্য সপ্তাহে ভুলে ১/২ দিন বাদে।ভাই, আল্লাহর দোহায় লাগে এইটারে ঠিক করেন। মাঝে মাঝে দুপুরের খাবার ইচ্ছা করে বাদ দিই এই কারণে। মুরগি রান্না হয় না কি অন্য কিছু? কোনো মেনুই জাতের হয় না রান্না। টেস্ট নাই। কিছুই নাই। প্লিজ ভাই, টাউন হলে বলেই এইটারে শুধরাইতে পারতেছি না।",11,6,2,Mixed
36,Brain Station 23,Software Engineer,"May 15, 2025","খরচ আছে যেখানে, আমি নেই সেখানে","সুবিধা (Pros):
কালচার ভালো (আসলে টিমের উপর নির্ভর করে)
অসুবিধা (Cons):
সব কিছুতেই খরচ কমানোর চেষ্টা করে।
অ্যানুয়াল ট্যুর বলে কিছুই নেই। দুই-এক বছর পর নতুনবাজারের কোনো পার্কে নিয়ে ঘুরিয়ে আবার ফিরিয়ে আনে — এই হলো ট্যুরের অবস্থা।
নিজেদের বড় কোম্পানি বলে দাবি করে, কিন্তু সেলারি একেবারে গরিব শ্রেণির মতো।
বিশেষ করে খাবারের কথা কী বলব! আমার মনে হয় ভেন্ডর স্টেশনকে বাড়তি টাকা দেয় যেন আমাদের এই বাজে খাবার খাওয়ানো যায়। এতটাই বাজে খাবারের স্বাদ! এরকম খাবার খাওয়ানোর জন্যই বোধহয় ভেন্ডরের কাছ থেকে টাকা নেওয়া হয়।",24,5,4,Mixed
37,Optimizely,Interviewee,"March 19, 2026",My Honest Interview Experience (After Reading Mixed Reviews),"My interview experience at Opt!mizely was quite positive and a good learning experience. Before going to the interview, I was looking at other reviews about the company, and I’m glad that I didn’t blindly trust everything written there.
The whole process was well-organized, and communication from the HR team was clear at each stage. The interviewers were friendly and made me feel comfortable, so it didn’t feel too stressful. They focused not only on technical skills but also on how I think and solve problems, which I really liked.
The questions were challenging but relevant, giving me a clear idea about the role. One small issue was that sometimes the waiting time between rounds felt a bit long.
Overall, it was a smooth and respectful interview process, and I got a positive impression of the company.",1,0,2,Positive
38,Optimizely,Anonymous,"November 07, 2025","Opti is great, some people are not","* ** ********* ** *** ********** *** ****** ******* ** **** ******** ***** ***** ***** *********** ** * *******. *** *** ************* ***** *** ** *** ******** ****** **** **** ********** *** ********* **** **** ********* *** ********** **** ****** *****
* ******* ** *** *** ****** *** *** *** *** ** ***** ********** ******* *** ****** ******** ** ** ****** *** **** ***** ** ****** *** **** ***** ***** ** ****** ** ******* **** *** *** *****",1,7,1,Positive
39,Optimizely,Business Analyst,"October 25, 2025",Glad that I joined here.,Excellent working culture. On time salary. Close to no politics. This is the diff between Bangla companies and multinationals.,0,3,1,Positive
40,Optimizely,Software Engineer,"June 05, 2025","Talented colleagues, nice office, decent benefits, but shifting culture","have been here a few years, and thought I would give an honest feedback
positives:
free office transport for multiple timings, e.g. some people work in morning shift others afternoon shift, they have afternoon and night time drop off too. you can also coordinate with route buddies and come/go and specific times, its very flexible
free catered lunch with lot of menu variety, although food quality is sometimes good sometimes okay, but overall it's good. recently due to cost cutting there have been limit on food quantity, but i also understand its an office not a buffet. but since it used to be 'unlimited' before, some people complain
flexible office timing, you can come go whenever you want, there is no restrictions. during initial time there is question from hr that choose two days to come to office but that is not enforced which is good
global teams - it is not like we are 3rd party company servicing other clients. the team is global, there are many different products and we are all working together. my manager is in USA, i have teammates in different countries which is a really nice exposure.
i feel like i am surrounded by a lot of talented people, i work hybrid so sometimes i come to office and i get to chat with different engineers. everyone is really smart, and also very helpful and nice.
starting salary is high compared to local companies, although increments are not that good
the office space is really nice. there are couches to relax, game room with pool table and table tennis. and free desks. problem is if there are lot of people in the office, then sometimes it is difficult to find a suitable desk to sit and work. there is station for wudu in the washroom, there is separate big prayer space outside the office a lot of people pray together sometimes.
the work is also good, i get to work in a global product, with international well known customers. product codebase is older because of previous company acquisition, so it is sometimes challenging but i am enjoying and learning a lot.
negatives
the office culture shifted a lot in the last few years. lots of new people have joined. and lots of young people also. i understand of course there will be culture differences, but i guess it was also nice to have a smaller organization where you interact with everyone and know everyone. now there are many employees. and office sometimes becomes loud because of people talking and laughing. but that is not too much of a problem, it is also normal people come to office and talk. i put on my headphones and work.
because of cost cutting lot of things are changing. like food and facilities budget. a few people were laid off in last few months but maybe 4 or 5 people. last year HR declared fixed PTO instead of unlimited leave. although you can have annual leave encashment which is good, i also had this in my previous company.
this year annual increment was not that good. also this years increment was effective from april, because apparently company revenue was not as expected.
i heard from some people there are some difficult managers. mine is good but i guess if you are lucky you will get a good manager. not everyone is same i guess
i prepared a lot and worked very hard and was happy to finally join optimizely after a long interview process, but after getting in i realized there are many different teams, and not every team is same. different teams also have different work culture sometimes. not saying good or bad, sometimes i talk to different engineers and notice some differences. but its ok, a large company will have this i guess. but overall i am enjoying my time here, working with talented colleagues, and learning a lot.
for anyone applying for a job here as an engineer, i would recommend to ask questions about which team, what is the role or kind of work and tech stack, how is the manager and team structure, etc. because it varies a lot. so make sure you are applying for the team or stack you are interested in.",8,1,0,Positive
41,Optimizely,Anonymous,"June 04, 2025",Still the best tech company of BD despite some management failures,"So I'll start with this, what Optimizely was 2-3 years back, it's not the same anymore. I'll come to the negatives. But first, the positives.
Hands down, the best people you can share your work life with. Most people are friendly, open minded and very helpful (except for some lowlife morons of course). The work process is well designed, OKR is set with reasonable expectations, and you can have a work-life balance (unless your manager is toxic). The pay package is good if you have just started your career or got 2-4 years of work experience. If you reach your midcareer phase, the package won't be competitive enough anymore.
The work exposure is amazing. You're working with a global team, with company's own products, which most Bangladeshi tech companies doesn't offer. So it does add to your portfolio. Company is providing free transportation and lunch, where you're actually saving a lot of money if you're a regular office goer.
Now the negatives, the quality of new hires dropped drastically in the last few months/years. Most of the new hires aren't culturally fit, thinks this is just a ''Chill'' place, and be with their own circle or bubble. The reason is, most of them has friends here working from before. And the whole blame goes to the TA team. Why everyone's boyfriends, girlfriends, childhood friends and their mother is joining this company? This is a pathetic practice. The company should immediately drop the referral policy. Another thing is, I wouldn't blame the new TAs entirely, because they're very young, they don't have enough experience, doesn't have much industry knowledge. It's their department head's fault who failed to understand, that a global company like this shouldn't rely on youngsters for their hiring process.
And the major fallout, the company is not caring much about employee dissatisfaction anymore. It's all 'Business Needs'. I just hope the management understands their shortcomings very soon and take necessary actions to keep the great reputation that we have (I don't think it's already gone yet).",10,0,1,Positive
42,Optimizely,IC2,"June 04, 2025",Great people. Cutting edge work!,"When I interviewed for Opt!m!zely, I was not even sure what the role exactly does, let alone what the company does. The products built here blew me away in terms of their general stability and maturity, so I am happy that I am now working on sensible stuff instead of a 7 person startup whose C3O is a ADHD patient.
The culture is great. Inspite of what deshimula has me believe these days (yes me too), I have found everyone at office to be really receptive, supportive, and great prospect for growth.
My Manager is on a global role and I see a lot of scope for me to grow into that in the future. There isnt really any barrier to that as a local employee and I love that. I am seeing people posted and sent to different countries on roles and that to me is positive. Although I am not on the engineering track, I feel it can be a good stepping stone for my career. I intend to stay here and gain some expertise before moving abroad for my masters and I even told my manager and they were perfectly okay with it instead of telling me ""tomake hire kora to amar loss tahole"" like the others. I also found a good community of people here who are working on their masters application and helping each other even at office which was pleasantly surprising.
And one more thing I would like to point out is that having Optimizely on my resume has brought a lot of value to it. I now get called to random interviews where they would filter out my CV even a year ago. So I like that the brand stands out. Working on multiple local startups actually didn't have that for me and I am enjoying the sunlight lol.
Office is situated in a great location. Transport is provided. There is a culture of gaming in the office. Lots of keyboard enthusiasts which I love. Even a book club! Very lovely set of people that I enjoy spending time with even beyond work.
And oh, negativity o ache. Good teams bad teams. Good managers bad managers. Eigula thakbei. I guess I just got lucky.",8,1,0,Positive
43,Optimizely,IC2,"June 03, 2025",I am happy. I hope company gets rich and pays my in dollars instead.,"Honestly, Opt!m!zely came as a blessing to my life. Good pay. Good work. Nice bosses. Great environment. In a year I got a promotion without even asking for one, which made me feel recognized and that there is a good process in place. It feels like a fair place to work. Your chances are fair and balanced if you can deliver. None if you can't deliver. I feel I can live with that pesky balance of not having guaranteed job security as long as the other things don't change.
It was like a 2X better experience than where I was previously anyways (I was at an MNC, no less).
So generally I don't understand the  negative feedback that some of these people have shared. I mean, kichu shomossha thakbei. It's not earth shattering that there are smaller issues like policy changes to be honest. If I were to complain about all small inconveniences like these then even my parents would get feedback on how they run their house lol. So it's okay. I can say Alhamdulillah and carry on. And I understand if some others can't. HHWW.",1,6,2,Positive
44,Optimizely,Software Engineer,"May 28, 2025",কৃতজ্ঞ!,"সকালে ঘুম থেকে উঠেই , অফিসে দৌড়ানোর চিন্তা আমার নাই । দাঁত ব্রাশ করি । আয়নায় চেহারা দেখে জীবন নিয়ে চিন্তা করি । শ্বশুর বাড়ি তে বেড়াতে গেলে আমার বউ ২ দিন বেশি থাকতে চাইলে, আমার বলতে হয় না অফিস আছে গো, আজকেই যেতে হবে । ওইদিন  সন্ধ্যায় মা কে  নিয়ে ডাক্তার দেখাতে হবে । তখন আবার আমার মিটিং ছিল  । মেসজেই আপডেট দিয়ে দিলাম । জয়েন করা লাগে নাই । আমার বন্ধু , শনিবারেও ওর ম্যানাজার ফোন দেয় , কাজ নিয়ে কথা বলে , আমি ওরে পচাই । হালা বাংলাদেশি কোম্পানি তে কাজ করা ছাড় ।
আমার ম্যানেজার  শনিবার যদি কোন দিন গ্রুপে মেসেজ / কাজ নিয়ে আপডেট দেই , ধমকায় । বলে যেন শুক্র শনি কাজ না করি । পারিবারিক সমস্যা  । আমি মন খুলে ম্যানাজের কে বলতে পারি । এই লোক  আমাকে সাজেশন ও দেয়।
কেউ দেখে না আমি বাসায় কাজ করি নাকি অফিসে । কয়টায় অফিসে ঢুকলাম বের হলাম , কেউ নজর করতেছে না । কাজ হলেই হলো । সারাদিন বাসায় কাজ করে বিরক্ত লাগলে , বাসার নিচে আসা অফিসের গাড়িতে উঠে পরি । গাড়িতে থাকে প্রজেক্ট ম্যানেজার , সিনিয়র ইঞ্জিনিয়ার, আর অন্য টিমের মানুষ জন । আড্ডা দিতে দিতে  চলে যাই অফিসে, এক জন আরেক জন রে পচাই । কেউ মাইন্ড করে না  । কেউ রে আমার বস বলা লাগে না ।
সকালের নাস্তা করি অফিসে । চা কফি খাই ।  খাওয়া শেষ করে কাজে মন দেই । পাশে যারা বসে , বুয়েট কুয়েট, নর্থ সাউথ সহ দেশের নাম করা সব ভার্সিটির মানুষ জন । একদিকে হতাশ হই এদের এত  কাজ কর্ম দেখে আবার অন্য দিকে অনুপ্রেরণা ও পাই । তারা যে শুধু অফিসের কাজ কর্ম করেই রাতে ঘুমায় যায় এমন না । মানুষ জন ওপেন সোর্স এ কন্ট্রিবিউট অ করে । অলস মানুষ কম ই দেখেছি ।  আমার ৩ দিন আটকে থাকা কাজ একবার এক সিনিয়র ভাই ৫ মিনিটে সলিউশন করে দিয়েছিলো । তখন মনে হইছিল ভাই এত দিন কইছিলেন ।
আমার বেতন অ ভালো । বাড়িতে পুরা বেতনের কথা বলি না । বললে আবার চাহিদা বেড়ে যায় । বলি যে , পাই ৭০-৮০ হাজার । তাতেই সবাই খুশি । আমার বন্ধু পায় ৫০ হাজার টেকা মাত্র ।
সেরা একটা অফিস স্পেস , সবাই বসি এক খোলা স্পেসে । বস নাই , তাই বসের জন্য আলাদা রুম ও নাই ।
। যদিও মানুষ জন চিল্লা পাল্লা করে মাঝে মাঝে , তাও আমার কাজে সমস্যা হয় না । আমার কানে লাগাই একটা নয়েজ কেন্সেলিং ইয়ার ফোন । যদিও আমাদের উপর থেকে বলা আছে যদি কেউ বেশি কথা বার্তা বলে যেন জানাই । আমার শরম করে তাই বলি না । তাছাড়া মানুষ জন কাজ নিয়ে কথা বলতেই পারে ।
অফিসে কত লেভেলের মানুষ আছে । সবারে খুটাই খুটাই আমি দেখি না। মাঝে মধ্যে কারো দিকে চোখ গেলে , বউ এর কথা মনে করি । আর আস্তাগফিরুল্লাহ পড়ি । বউ বলছে ভুলেও যেন কোন মেয়েদের দিকে না তাকাই ।
একদিন অন্য ব্যাকগ্রাউন্ডে পড়া  বন্ধুরে নিয়ে আসছিলাম দুপরে খাওয়াইতে, হেয় অফিস আর কাচ্চি  দেইখা কয় , যদি পারি কোন চাকরি ম্যানেজ করে দিতে । আমি বলছি তুই টিউশন করানো ছাড় । পরে দেখা যাবে ।
বাংলাদেশি ইঞ্জিনিয়ার রা এখানে যেই লেভেল এর কাজ করতেছে , তা অন্যসব কোম্পানি তে খুব কম ই দেখা যায় । এখানে মাস শেষের দিন সব সময় বেতন পাই । কাজের প্রেশার তেমন থাকে না । যখন প্রেশার থাকে সবাই মিলেই হ্যান্ডেল করি । কেউ ধরে গালাগালি ও করে না কোন কাজ লেট করলে । এমন ও হইছে আমি ৫ দিনের কাজ ১৫ দিনে করছি । ইঞ্জিনিয়ার রা শুধু টিকেট ধরে ধরে কাজ করে এমন না । নিজের প্রজেক্টে কিভাবে সুন্দর করা যায় , কোন ফিচার থাকলে ভালো হইত এগুলা নিজেরাই ইমপ্লিমেন্ট করে ফেলে । টিকেটের জন্য বসে না থেকে।
ছুটি চেক করে দেখলাম গত বছর ১০ দিন এর মত নিয়েছি । ম্যানেজার বলছে বেশি অসুস্থ হইলে এইসব পলিসি সমস্যা নাই । হ্যান্ডেল করবে সব ।
এখানে মানুষ জন খুব ই ভালো । ২-১ জন যেই সব ভুল করছে , তার ফলাফল ও তারা ভোগ করছে তাও সেই একই টপিক নিয়ে , মানুষ দেশি মুলা খেয়ে , এখানে এসে গন্ধ ছড়াচ্ছে ।  লোকেশন চ্যাম্পিয়ন ও ভালো মানুষ , লোকটা অন্তত চেষ্টা করতেছে সব ঠিক রাখতে । অফিসের বড়লোক শ্রেণীর মানুষ জন কুল ভাব নিয়ে ঘুরে ফিরে । আমার  তাতেও গা জলে না । একেক জন একেক কালচার থেকে আসছে , তাদের মত তারা চলে । ফ্যান্সি ড্রেস পরা , বিশাল জুতা পরা এক পোলারে দেখে ভাবতাম ওর হয়ত অনেক ভাব , একদিন সাহস করে কথা বলে দেখি,  নাহ  , ব্রাদার এর মন ভালো আছে ।
দিন শেষে বাসায় যাই । রাতে শান্তির একটা ঘুম দেই । কোন দিন এই অফিসে আমার কাজ বিরক্ত লাগে নাই । খুব কম ই মনে হইছে যে আমি অফিস করতেছি । দেখতে দেখতে বছর চলে যায় । এখানে চাকরি করা ইঞ্জিনিয়ার দের জন্য প্রথম চয়েজ হওয়া উচিত । যদি না রিমোট জবের কাচা টেকার প্রতি বেশি টান না থাকে ।
আমার সকালের ঘুম  , বউ এর সাথে যখন মন চায় বাইরে যাওয়ার স্বাধীনতা, বড় ভাইয়ের মত ম্যানেজার , এক্সাইটিং সব টপিক আর  প্রজেক্ট নিয়ে কাজ করা , টেকা পয়সা নিয়ে চিন্তা ভাবনা না করার যে স্বাধীনতা আমি পাই । এর জন্য আমি মন থেকে  কৃতজ্ঞ ।
-অপটিমাইজলির একজন  সফটওয়ার শ্রমিক ।",27,0,37,Positive
45,Optimizely,Senior Manager,"May 22, 2025",Fantastic Company,"I'm writing this review after seeing key-board warriors and bootlickers trashing the company, HR, Engineering Director unnecessarily.
Like all companies, Opt!m!zely has some not-so-good things. Health insurance can be better, we do not have dental and vision coverage, increment is inconsistent based on departments. All public holidays are not covered.
Does it mean it's a terrible company? NO. This same company supported us and did not deduct our salary when we could not work for over a week. My Manager called me to see if I'm okay. My colleagues in London covered for me. My friend in another company lost his job.
If a holiday falls on a weekend, we get the next working day as a holiday.
Engineering Director is new. It's normal for him to take time to get used to our tech stack and contribute. He's a social person, enjoys spotlight; our previous director did not. What is the problem?
HR - sure there are questions on referral bonus. But are they all bad? NO. I was in urgent need of medical visa, I got one on the same day. I too thought 4-5 days for a document means they are incompetent, but one of them explained in a townhall the why. Clearly people do not listen.
I wonder if Optimizely is everyone's first workplace. HR works on leave policy, salary, but they are not decision maker. Whenever I've reached out to HR, they were available and spoke with kindness. My previous company's HR was so shitty, maybe you do not know local company HR that's why you look for events and farewells from HR and do not see all the things they do right. I've found the HR team here very professional and doing their best.
All the people talking shit -have you ever spoken with them or are you parroting what the sacked Finance Director and now bideshi Product Director filled your heads with.
Engineering Director Bhai, you are intelligent. Maybe you mix with the fokinni gang because of limelight. Oita baad den, amra apnar theke shikhte chai. We respect you, please do not lose that.",4,4,9,Positive
46,Optimizely,Engineering Manager,"May 18, 2025",Some good colleagues. Good work life balance. Terrible HR. But I guess you can only pick two in this triangle.,"The people here are truly one of the company’s biggest assets. The engineering talent is top-notch, with colleagues who are not only highly skilled but also supportive and approachable. Whether you're a fresher just starting out or a senior engineer with years of experience, you'll find the environment inclusive and empowering. There’s a strong emphasis on continuous learning, and the company as a whole is filled with industry thought leaders. If you know 10 incredible level engineers, there is a good chance 4 of them work at opti now. In 10 years I feel people at opti will be considered mafia of leadership in bd same like paypal people.
However, not everything is as bright as it used to be. Over the past year or so, many of the great benefits that once set the company apart and attracted the best talent in the country are gradually being scaled back. In the name of cost-cutting and budget management, some perks that made a real difference to employee morale are being removed. For instance, the company used to offer unlimited paid time off (PTO), a rare and generous policy that helped employees truly disconnect and recharge. Unfortunately, that’s no longer available — now replaced with a capped PTO policy that feels more traditional and restrictive. What used to be great food now has limits on how many you can eat or even runs out of food (yep, you heard me right). What used to be flexible internet benefits is now cancelled. What used to be great office goodies is now non existent. What used to be great coffee culture now has a machine that needs to rest like it has arthritis. What used to be great budget for team outings now has depreciated like 50% with no adjustment so now its not enough for a team outing. What used to be great company after office hours is now being vilified online by radical religious people that the company somehow hired itself (so its the companys fault not to hire people who are culture fit here). Basically lots of new kamla people who misuse company benefits and speak ill of everything here, but still chakri charbe na because they know there is no better place than this. Sad that the hiring bar is low these days and they will hire literally anybody. This is what happens when there is no HR leadership in place and its run by people in other countries who have no idea of how things work here. You can't have remote HR leadership in a company same as how you can't have remote cleaners. Just doesn't make sense.
On the other hand, the frequent firing of staff is also very bad in terms of morale and long term growth. Its safe to say no Japanese company would approve of this, and every US company would love this. If you know, you know. The physical office space is also beginning to show signs of strain. While remote work is common and usually prevents overcrowding, there are certain days when many people come in — and that’s when the limitations become clear. The office isn’t large enough to comfortably accommodate everyone at once, and some employees find themselves without a proper place to sit or have a meeting or simply find some time to think about what is at hand. I read someone commenting that the infrastructure hasn’t kept up with the growth of the company and its very true.
In summary, this is still a great place to work, especially for those who value strong engineering culture, flexibility, and a community of talented peers. But it’s hard to ignore the fact that some of the elements that made it truly exceptional are fading. The hope is that leadership recognizes this trend and takes steps to preserve what made the company special in the first place. You can't cost cut your way out of everything. Good culture and good people make a real difference, and they aren't cheap. Also, please stop hiring people who clearly have no respect for people who dont prescribe to the same religious views and aren't a culture fit in an international company.",7,3,1,Positive
47,Optimizely,Dev Ops Engineer,"May 18, 2025",Great company with good colleagues,"The best part that I like about Optimizely is that its not a 9 to 5 job. You can't clock in and clock out and forget everybody here. You don't even feel like doing that. We spend more time after office together than at office. Conventional companies would call it a family bonding type of thing. In reality, I feel we are a group of buddies who like to work and chill together.
Work wise, its a great place to learn the latest tech. One thing that really stands out Opti is how smoothly the DevOps function works with everyone else. It doesn’t feel like DevOps is a separate function here — it’s just part of how the whole team works (and everyone understands what we are doing and what standards we are setting and most importantly, why). This is very different from what I saw at my previous workplace, where we were expected to be the server guys who just slot in a new RAM because some chicken doesn't know how to design scalable stacks.
I am new and I am still learning. But I am happy that this is the place where I am getting my exposure.",1,0,0,Positive
48,Optimizely,Sr Manager,"May 17, 2025",Good Company. Disappearing Local Management.,"To be honest I am happy with the company. But I genuinely felt that there is no point of considering this as a place of engineering excellence when most people here are junior engineers and all of the senior ones are leaving. If you are GenZ, this is a perfect place for you to learn and then eventually leave for Canada or EU. But also, this is not a good place for long term growth. Just ask why the average age is below 35 and you will understand that nobody with experience stays back here. The salaries are also only good till you are SWE II level. After that it's no longer competitive at all. The culture here is great. The hires are also mostly great except a few radical people (I have nothing against them but they have problems with anybody who isn't a follower of their cult or have different views). The reviews on Deshi Mula prove what I am saying to an extent. But I like that the company is very fast evolving and very willing to build new things. Not like Old SaaS. So what you work on will be cutting edge for sure.",7,0,1,Positive
49,Optimizely,Software Engineer,"May 17, 2025",Optimizely CMP has the best culture and people,"I work in CMP Product, which is the old Newscred team. Newscred always had the best engineering culture and team.
I work with amazing people. No one needs to say things, we are like family; we are like family. We still keep in touch with old peers. People come to the office to meet, even people who left the office ages ago.
The upper management and team will have your back when you are dealing with a family issue. Even though Optimizely has a leave policy due to some compliance issues, it was never a hassle to take time off when you needed it. Your manager and team lead will not even ask why you are taking leave. In cases where I needed to take leave, but sent a leave request to my manager later to handle some formality with HR. But people are so workaholic that sometimes managers ask them to take time off.
You will get market market-competitive salary, even you can openly discuss your salary. If your friends getting better salary in other companies, you can bring this up to management. They will listen to your feedback and take actions accordingly. You will get very good increments over the year.
There is no bootlicking or oiling for promotion and better payment, upper management is so much against it, you may red flagged if you try to do it. Promotions completely dependents your performance. The performance is measured by ones impact not just code lines count.
In terms of engineering, you are going to get to work with cool and sophisticated technologies and an amazing engineering team. Sophistication comes with the architectural evolution of 10 yr old product. You are most welcome to a fierce engineering debate in terms of technology choice and system architecture.
Great engineers and PMs from CMP gets some relocation opportunities, too. This happened with several amazing engineers and PM.
Old newscred days, there are a lot more engineers than operations people in Dhaka, now there are a lot more ops people than engineers in Optimizely Dhaka. So the culture got a bit shifted and feels less like a software company. Optimizely Dhaka management has some good people take feedbacks into consideration to make it better workplace for everyone.",3,0,1,Positive
50,Optimizely,Senior Engineer,"May 15, 2025",যা আশা করি একটা নরমাল কোম্পানি থেকে ঐরকমই। ভালো খারাপ সবই আছে। কিন্তু খারাপ গুলা এমনও না যে চাকরি খুঁজতেসি সারাদিন,"কফটিমাইজলী টাইপ কয়েকটা রিভিউ দেখে মনে হইসে পোলাপান জাস্ট মজা নিতে যারে পছন্দ করেনা তারে নিয়ে রিভিউ দিচ্ছে। তাই মনে হইলো একটা জেনুইন রিভিউ দেই।
আগে ভালো গুলা বলি।
গ্রোথ কিংবা ইঞ্জিনিয়ারিং চিন্তা করলে - আমার মনে হয় দুই একটা টেলকো কোম্পানি বাদ দিলে অপটিমাইজলী বাংলাদেশে বেস্ট। আমি লোকাল ৪ টা স্টার্টআপ এ কাজ করে আসছি। ফার্স্ট জব অপটিমাইজলী হইলে আপনি বুঝবেন না যে লোকাল কোম্পানির কালচার কত লিমিটেড আর খাস্তাখেউর। গত সাত বছরে আমি যা শিখি নাই, সেইটা এইখানে এসে আমি এক বছরে শিখসি। আমি আসলে অপটিমাইজলীতে আসছিলাম একটা ডিমোশন নিয়ে।এসে মনে হইসে ভুল করিনাই। এইখানে অনেক কাজ করার আর শিখার স্কোপ বানায়ে রাখসে।
এম এল টিম আছে। এআই প্রোডাক্ট আছে। এইখানের একেকটা টিম শুধু মাসে যেই পরিমাণ ইউজার লোড হ্যান্ডেল করে, সেইটা পুরা বাংলাদেশের সব কোম্পানি মিলে করেনা। ডেভ অপস, ডাটা পাইপলাইন, শত শত কোটি ইভেন্ট হ্যান্ডলিং, ম্যাসিভ ডিবি মাইগ্রেশন, লেটেস্ট স্ট্যাকে মাইগ্রেশন, ইত্যাদি অনেক ইন্টারেস্টিং কাজ আমি এইখানে এসে পাইসি যেইগুলো আগে শুধু আমরা আর্টিকেল পড়তাম। ভাই, দেখলেই মন ভালো হয়ে যায়। ইন্টারনাল পলিটিক্স নাই এইসব নিয়ে (মানে ম্যানেজার বলতে পারেনা যে এই কাজ তোমারে দিমুনা আমার নিজের লোক আছে)। আপনি যেই প্রজেক্ট করতে পারবেন সেইগুলো বললেই দিয়ে দেয়। এইগুলো দেখে ভালো লাগছে। কাজের পরেও নিজের প্রজেক্ট করতে দেয়।
বাংলাদেশে অবশ্য সবাই মনে করে এইটা শুধু ইঞ্জিনিয়ারিং কোম্পানি। ভাই, এইটা সত্য না। এইখানে ইঞ্জিনিয়ারের থেইকা বেশি একাউন্টেন্ট মনে হইসে আমার। অফিসে বসে এইটা লিখতেসি আর আমার আশেপাশে ইঞ্জিনিয়ার একটাও নাই। সবাই অন্য টিম। এইখানে গ্লোবাল অনেক কাজই হয়। আগে জানতামও না যে একটা স্যাস কোম্পানিতে এত মানুষ এত কি করে। ভালো লাগে বিষয়টা। আজকে বসে অনেকক্ষণ ধরে আমি আরেকজনের থেকে ওদের কন্টেইনারাইযেইশনের সেটআপ শিখসি। আমার টিমও না। ওরা আবার ইঞ্জিনিয়ার কিন্তু কাজ করে অন্য টিমের অন্য প্রোডাক্ট এর মেইনটেন্যান্স রিলেটেড। এইটা যে হইতে পারে তাও তো জানতাম না আগে। তাও সবাই অনেক হেল্পফুল।
এইখানে কিছু টিমের শুধু তিন সপ্তাহের লগ এর সাইজ বাংলাদেশের বেশিরভাগ কোম্পানির ডাটা সেন্টারে জায়গা হবেনা টাইপ। এইগুলো ভালো লাগে যে কোটি কোটি ব্যবহারকারী। যাই বানান, পরের দিন স্কেলেবল হইতে হয়। কোন পরে দেখমু টাইপ কাজ নাই। কোডের থেইকা বেশি টেস্ট লিখসি এই জীবনে প্রথম। অনেক টিম এইখানে ডাইরেক্ট মাইক্রোসফট কিংবা ডাইরেক্ট গুগুলের সাথে কাজ করে ছোট ছোট প্রজেক্টে। আর্লি একসেস পায় অনেক কিছুতে। ভালো লাগে দেখতে। যদিও আমি করিনা। কিন্তু দেইখাই ঢেকুর আসে।
যারা কমেন্ট করছে যে ওদের গ্রোথ নাই কারণ ওরা চাটে না - ওরা আসলে কাজ পারেনা কিন্তু এইটা মানতে রাজি না যে ওদের দিয়ে পরের লেভেলের কাজ হবেনা। দুই মাস আগেও আমি ৩৬ জনের প্রমোশন হইসে দেখসি। আর এইখানে প্রমোশনে বিশাল রেইজ দেয়। নামকাওয়াস্তে না। এইখানে পুরা স্ট্রাকচার করা ফিডব্যাক সিস্টেম। প্রতি ছয় মাসে রিভিউ হয়। জেনুইন রিভিউ করে এবং ফিডব্যাক দেয়। ন্যাচারালি সবাই খুবই কম্পিটিটিভ আর ট্যালেন্টেড - আপনি কাজ না পারলে আপনার দুই টাকার দাম নাই। এইটা সত্য। আপনার কোড কোয়ালিটি ভালো না হইলে ডাইরেক্ট মিটিং এর মধ্যে ধুয়ে দেয়। একবার এক পিআর এর মধ্যে আমি ৩৩ টা ফিডব্যাক খাইসি। আবার আরেক দিকে ইন্টার্ন টিম দেখসি এমএল প্রজেক্ট করে এইখানে। এইখানে এসে জীবনে প্রথম আমি দেখসি যে আমার ম্যানেজার এর উপরের ম্যানেজার আমাকে জিজ্ঞেস করে আমার লং টার্ম গোল কি আর সে আমাকে কীভাবে হেল্প করতে পারে। এই কালচার আগের কোম্পানিতে থাকতে বললে আমারে জায়গায় কোপাইত যে তুই কার পারমিশন নিয়ে ম্যানেজার এর উপরের ভিপির সাথে ক্যারিয়ার ডিসকাস করিস।
এমনিতে আমি একটা ভালো টিমে আরাম মতন কাজ করার স্কোপ পাই। ম্যানেজার আগে একটা লোকাল কোম্পানিতে ছিল তাই পুরা ওইরকম ব্যবহার করে বুঝি। অল্প বিস্তর প্যারা দেয় (রবিবার সকাল ১০ টায় উঠে জিজ্ঞেস করে যে উইকেন্ডে কি কাজ করসি, ঈদের ছুটির পর জিজ্ঞেস করসে যে ছুটিতে কি কাজ করলাম লিস্ট দিতে)। কিন্তু কোম্পানির কালচার এমন যে আমিও উত্তর দিতে পারি যে কিছুই করিনাই কাজ ছুটির দিন ল্যাপটপ রাইখা পদ্মা ব্রিজ দেখতে গেসিলাম। সবাই হাসে এমনে বলে ফেলি। পরে কোন ঘাড়ানি নাই এইসব বললে। বাট সব ম্যানেজার খারাপ না। অনেক টিমে ভালো আছে দেখসি। অনেককেই দেখি ম্যানেজার এর ঘাড়ে হাত দিয়ে দাঁড়ায় থাকে। দেইখা কয়েকদিন আমি নিজেই প্যারা খাইসি যে করে কি এরা! টিম মেইট রা এমনিতে খুবই হেল্পফুল। যা খুশি আস্ক করি। বলদের মতন প্রথম ম্যাকবুক পেয়ে এইটাও জিজ্ঞেস করসিলাম যে ব্রিউ কি। কেও প্যারা দেনাই। গ্রোথ হচ্ছে। ভালো প্রজেক্ট পাচ্ছি। ভালোই লাগে সকালে উঠে এইটা ভাবলে যে ইন্টারেস্টিং কাজ কর্তেসি।
একটা ব্যাংকের ব্যাকেন্ড বানানোর মতন স্টেবল জব ছেড়ে আমি এইখানে আসছি শুধু হালাল হারাম চিন্তা করে। এইখানে কোন হারাম কারবার নাই। পুরা কোডবেইজে কোন ইন্টারেস্ট এর হিসাব নাই। আমরা শুধু অনেক অনেক এনলাইসিস আর রিপোর্ট বানানোর টাইপ কাজ করি। অফিসে জামাতে নামাজ হয়। নামাজের জন্য মিটিং সরায়ে দেয়। অজুর জন্য আলাদা জায়গা - বেসিনে করতে হয়না। হজের জন্য ছুটি দেয়। এইগুলো ভালো লাগে। কয়েকটা রিভিউ দেখলাম যে অফিসের পর কেন মানুষ মদ খায়। এইটা কেন সমস্যা বুঝলাম না। খাইতেই পারে। সবাইকে তো আর ধর্ম কর্ম করতে কোম্পানি হায়ার করেনাই। অফিসের পরে নিজেদের মধ্যে মদ খায় না মুরগি খায় তাতে কার কি? গ্লোবাল কোম্পানি। বিদেশি আসে দুইদিন পরপর। মদ না খাইয়া কি ওদের মাম পানি খাওয়াবে? আজকেও দেখলাম দুইটা বিদেশি চুপ চাপ এক কোনায় বসা। কেও চিনিও না। কোন এক্সট্রা খাতির নাই। এইখানে বাঙালি বিদেশি মোটামুটি একই লেভেল ট্রিট করে। ঐদিকে আমার এক্স কোম্পানিতে বিদেশি আসলে পারলে বলতো যে উনার জুতা মুইছা দে সবাই। অনেক অনেক ডিফারেন্ট এক্সপিরিয়েন্স এইটা যে এইখানে এইসব নাই। আপনি না দেখলে বুঝবেন না যে এইখানে নিজেরে মানুষ মনে হয় আমার - আগে যে কমলা ছিলাম সেইটা ফিল করি।
অফিস থেইকা অনেকেই দেখলাম বিদেশে যায়। সবাইকে তো চিনি না। একজনকে চিনতাম আগে থেকেই। উনারে যাইতে দেইখা আমার মনে হইসে উনারে বিদেশ পাঠাইসে কারণ উনারা আসলেও নেক্সট লেভেলের ইঞ্জিনিয়ার। উনাদের বানানো লাইব্রেরী লাখ লাখ মানুষ ব্যবহার করে। বাট আমি এখন হোপফুল যে ৫-৬ বছর কেইচা কাজ করলে আমরাও ওই লেভেল যাইতে পারবো। এইখানে ইন্টারনাল পলিটিক্স নাই যে নিজের লুঙ্গি খুইলা হইলেও আপনারে আটকাবে কেও।
এইগুলো তো আপসাইড লিখলাম - ডাউনসাইড নাই তা না।
ছুটি চাইলে মাঝে মধ্যেই বলে যে এখন নিইও না পরে নিয়ো। খুবই প্যারা লাগে। আগে যখন জয়েন কোরসি আমাকে বলসিলও যে আনলিমিটেড লিভ পলিসি। কিন্তু কয়েক মাসের মাথায় বলে যে ওইটাও দিবেনা। এইটা খুবই প্যারা লাগসে। ম্যানেজার যাদের ভালো - তাদের এইসব প্যারা নাই শুনসি। কিন্তু আমার তো আছে। আমার প্যারা লাগে যে লিভ অনেক আগে প্ল্যান করা লাগে। ভাই সকালে উইঠা যদি মনে চায় তাহলে লিভ নিতে পারিনা। সারাদিন কাজ না করলেও মিটিং এটেন্ড করতে হয় নামকাওয়াস্তে। এইটা বিরক্তিকর। মাঝে মধ্যে হুদাই পুরা টিমরে মিটিং ডাইকা গ্লাসের মধ্যে লিখে সারাদিন। মনে হয়জে ভাই এই যুগে আইসা আমরা এই কাজটা একটা মিরো বোর্ডেই করতে পারতাম বাসায় বসে। কিন্তু বেশিরভাগ দিন অফিসে না আসলেও কেও কিছু বলেনা। রিমোট করা যায়। যেমন আমি জানি আমি ঈদের অনেক আগেই গ্রামে চলে যাইতে পারবো। এইটা ভাল্লাগে।
বেতন নরমাল টাইম মতন পাই (বাঙাল কোম্পানিতে কাজ না করলে এইটার ভ্যালু বুঝবেন না)। কিন্তু এই বছর প্রথম তিন মাসের ইনক্রিমেন্ট দেনাই। কেন দেনাই সেইটাই বুঝিনাই কেও। তিন মাসের ইনক্রিমেন্ট না দিয়ে মে মাস থেকে দিচ্ছে। মেনে নিসি কিন্তু প্যারা লাগেনই বলব না। এইগুলো নিয়ে প্রশ্ন করা যায়না। কিছু জিজ্ঞেস করলে ভিয়েতনাম এর এইচ আর এর কাছে যাওয়া লাগে লিখিত নিয়ে। একটু রুড কথা বার্তা বলে। তবে সবাই আমরা ধরেই নিসি যে লোকাল কোম্পানির এইচ আর থেকে এইটা তাও ভালো। মানুষজন কোম্পানির পাবলিক থ্রেডেই পুরা এইসব নিয়া মারামারি করে। সিনিয়র রা অনেক সচেতন এবং প্রটেক্ট করার চেষ্টা করে দেখি। যদিও কাজ হয়না। যা কইসি কইসি টাইপ সব ম্যানেজমেন্ট ডিসিশন।
অনেকে দেখলাম বলতেসে প্রভিডেন্ট ফান্ড নাই। এইডি কিছু একটা খাইসে অন্য কোম্পানি থেইকা। গত মাসেই ডিক্লেয়ার করসে যে ফান্ড বানাচ্ছে আর আমরা কত পারসেন্ট দিলে কোম্পানি কত দিবে। আমার কাছে যদিও এইটা একটা মূলা মনে হইসে। ভাই ট্যাকা দিলে এখনই দে। পরে ক্যান? বাংলাদেশে এমনেও এইটা অনেক কোম্পানিতেই নাই। এমনিতে এই মাসে এক্সট্রা পারফরমেন্স বোনাসও দিচ্ছে বললো। যারা অনেকদিন কাজ করে ওরা দেখলাম কয়েক হাজার ডলার এমনেই পাবে। এমনিতে এইখানে বেতন বোনাস স্ট্যান্ডার্ড পলিসি। আমার শুধু মনে হইসে যে আপনি বিড়ি কোম্পানিতে কাজ না করলে মিড লেভেলে এইখানের থেকে বেশি বেতন খুব কম জায়গায় দেয়। স্যামসাং, জিপি, আর কয়েকটা ব্যাংক ছাড়া এইখানে বেতন ভালো। তবে এই কথা নেগেটিভ জায়গায় লিখলাম কারণ এইখানে বেতনের স্কেল নাই। আপনার নিচের পোলাপান আপনার থেকে বেশি বেতন পাইতে পারে এবং পায়। এইটা দেখে প্যারা খাইসি। যারে যেই দামে নেগোশিয়েট করতে পারে টাইপ। এইটা ভালো লাগে নাই। জানলে আমি আরও বেশি নেগোশিয়েট করতাম।
আরেকটা বড় ডাউনসাইড হচ্ছে - আপনি যদি এইখানে পারফর্ম না করেন - তাইলে তেমন ওয়ার্নিং নাই - এক্কেরে পরের দিন ব্যাগ গুছায় বাইর করে দেয়। পুরা আমেরিকান স্টার্টআপ কালচার। এইটা আমার মেনে নিতে কষ্ট হইসে যে জয়েন করার পরেরদিন দেখি আশেপাশের লোকজনরে কোম্পানি ফায়ার করে দিসে আর ওরা নাই এক মিনিট পর থেইকাই। এইটা যদিও বাংলাদেশের থেইকা অন্য দেশে বেসি। কিন্তু জব সিকিউরিটি নাই মনে হয়। মেন্টাল প্যারা লাগে। ৩-৪ দিন ছুটি নিলেও মনে হয় ম্যানেজার পিপ পুপ মাইরা বের করে দিবে। এই প্রসেসটা ভালো লাগেনই।
এইখানে যেইটা আমার বেশি প্যারা লাগে সেইটা হচ্ছে যে আপনার টিম কাজ করে দিনের দিকে কিন্তু মিটিং সব রাতে। সেই হিসেবে ওয়ার্কিং আওয়ার বেড়ে যায় অনেক। কিন্তু এইটা আমি মেনে নিসি কারণ আমি চাইলেও এইসব মিটিং এভয়েড করতে পারি আর কেও কিছু বলবেও না কিন্তু এতে আবার আমার ক্যারিয়ার গ্রোথ হবেনা আর আমার ম্যানেজার আমার কাজ নিজের বইলা বেইচা দিবে। ও হ্যাঁ, এইটাও যে একদমই হয়না তাও না। মাঝে মধ্যে এই ভদ্রলোক মানতেও চায়না যে উনি ৬০ লাইন লিখসে আর আমরা ১২০০+ লাইন লিখসি এক জায়গায় তার মানে এইটা আমাদের কাজ, উনার একলার না। এমনে বলে যেন আমাদের লাগেই নাই সব উনি করে।
শেষ মেশ বলি - ভালো মিল সিস্টেম, খেলার জায়গা, ঘুমানোর জায়গা - এইসব নিয়ে কিছু বললাম না কারণ একটা আমেরিকান কোম্পানি এইগুলো সব দেশেই দেয়। আমার কাছে মনে হইসে এরা আন্তরিক ভাবেই দেয় সব। এইটা ভালো লাগে যে সবাই খুবই হেল্পফুল যেন আপনি আরামসে কাজ করতে পারেন আর কাজেই ফোকাস করতে পারেন। পুরা বাসায় আইসা অফিসের গাড়ি নিয়ে যায় লাগলে। বেশি রাত হইলে উবার ভাড়া দেয়। বিকালে টায়ার্ড লাগলে ঘুমাইতে পুরা বিছানা দেয়। খাবার পছন্দ না হইলে এক্সট্রা মিল নিজেরাই আইনা দেয়। এইটা আমার জন্য নতুন এক্সপিরিয়েন্স। এইজন্য এক্সট্রা থাইকা প্রজেক্ট ডেলিভার করতেও মাঝে মধ্যে প্যারা লাগেনা।
ভালো খারাপ সবই আছে। কিন্তু এমনিতে ভালো কাজের জায়গা আর লোকাল কোম্পানি থেইকা হাজার গুণ ভালো আছি।",4,1,3,Positive
51,Optimizely,CS Manager,"November 04, 2025",Oh Retreat,"This year's retreat was just sad. On one hand we were told no plus ones, on the other hand guess what? One ex employee was there. You could think resort is a free area where anyone can book a stay. Sure. Why was he in Opti events?
So company will fund ex employees? Why only one in particular? Why not others? How is it fair?
organizers took the best rooms and gave good rooms to those who give the location champions tel. We are all employees, why wasn't there equal experience?
Who will we raise this to? Nobody cares anymore",12,2,10,Negative
52,Optimizely,Engineer,"November 02, 2025",Men be careful,"* ** ********* ** *** ********** *** ****** ******* ** **** ******** ***** ***** ***** *********** ** * *******. *** *** ************* ***** *** ** *** ******** ****** **** **** ********** *** ********* **** **** ********* *** ********** **** ****** *****
* ******* ** *** *** ****** *** *** *** *** ** ***** ********** ******* *** ****** ******** ** ** ****** *** **** ***** ** ****** *** **** ***** ***** ** ****** ** ******* **** *** *** *****",13,2,1,Negative
53,Optimizely,Data Analyst,"September 02, 2025","Wrongly evaluate the engineers for fun, while some st*pid managers and directors survive","[Rewritten using AI for obvious reasons]
How many brilliant engineers have to have their careers stunted at this company before someone cares? We get peanuts for ""raises"" that are a pay cut with inflation, zero clarity on how to get promoted, and responsibilities are handed out based on... vibes? I feel completely unappreciated and I know I'm not alone.
But the real kicker is the management. How do some of these people survive? I've seen a senior who has to be the
most incompetent
manager in the entire BD tech scene, a guy who literally doesn't know the ABCs of people leadership... and yet he's been coasting there for YEARS. Everyone knows it. Everyone.
The wildest part? At the exact same time, I've also known what might be the best, most supportive managers at other teams. It's a night-and-day difference.
How does a single company have such a massive canyon between the competence of different divisions? How does the garbage float for so long while the actual talent gets frustrated and leaves?
It's demoralizing and honestly, just baffling.",13,0,5,Negative
54,Optimizely,Engineer,"August 31, 2025","ভাই-চাচা রেফারেন্সে ঢেউ, genuine candidate পিছিয়ে","Fresh grad হিসেবে ৩ বার interview দিয়েছি, feedback ছিল “great potential—next round soon.” পরে দেখি position টা চলে গেছে “internal referral” এ। Referral culture থাকা খারাপ না, কিন্তু এখানে often shortlistটাই referral heavy হয়—public postingটা শুধু ফর্মালিটি মনে হয়। HR polite, but coordination weak—CV হারায়, call back late, salary range নিয়ে clear বলা হয় না। Joining-এর পর বুঝলাম same batchে skill কম—তবু package বেশি—“bhai-chara” explain করে দিলো কোন squad-এ কে যাবে।
Bottom line: শেখার scope আছে, but meritocracy feels fragile.",12,0,5,Negative
55,Optimizely,Employee,"August 27, 2025","Talent Ignored, Nepotism Wins","Over the last 1 year, I have seen clear
nepotism
here. Many talented people cannot enter just because of it. The HR team has some talented people, but also some who lack proper judgment. Some HR members do not have the quality to evaluate a person.
I have seen many cases where a person’s past salary was 15–20, but after joining, they received 60–80. It is not a problem if someone is actually talented, hardworking, or dedicated. But instead, they hire
unqualified
friends and family.
🙏I kindly
request
that all viewers of this post
inform
the higher authority to save this Dhaka office. They are ignoring the person applying and also not following HR policies. This is not a personal opinion, its dam true.",14,1,2,Negative
56,Optimizely,Engineer,"August 25, 2025",What a downfall! For the books!,"Used to be the best company in BD; now the top company in Deshi Mula (in terms of reviews), it’s a complete shitshow! I wish I could go back to the old NC era and enjoy my work and office again!
TL;DR
If you’re truly a skilled engineer, product person, frontend/backend/ops/IT—whatever you are—it’s not worth joining here anymore. I’m sorry; I never thought this day would come, but it has.
But if you’re a nepo hire, dude, congrats! Enjoy the free food and extra Cokes, along with your TA bf/gf/fwb/mama/cacha for the referral bonus.",16,0,1,Negative
57,Optimizely,Software Engineer,"August 24, 2025",Valid criticisms that will fall on deaf ears bc HR is useless,"This comes from 3 years of pent up anger and frustration. My first year and a half at Opti, I had 0 complaints. The pay was market competitive, great leave policy (unlimited PTO, I am sure this term brings Vietnam flashbacks to the directors if they even bother reading this) and good work culture/colleagues. I think the downfall really came about with the TA team and their various scandals along with the referral syndication. It's a little depressing tbh because I wonder if they even knew how much their greed would ruin the sanctity of this company.
I will get to the point:
1) What does HR do? Why did my female teammate get so vehemently bullied on this platform by a bunch of sexually frustrated incels without there being ANY notable actions against it?? Seriously, she doesn't even come to the office anymore! As her senior, I can vouch for her dexterity and it's so depressing that we allowed for this to happen.
2) What does HR do? (2) As a man, I am lucky enough to be able to just do my work and not have to deal with the thugs hired through the extraordinary reference of Moses (Islam version) and his best friend, but I pity the women who have to deal with these men and work alongside them. Heard about a sexual harassment case that just fell through the grates because HR doesn't do anything. Seriously I am directly speaking to you Senior Human Resource Specialists. When that one guy from ConOps made some comments about the leave policy, all of you ganged up on him and the Principal Product Owner with such intense passion. Where is it when you need to do your job?
3) This last week of having to work while the CSM team was present in full force was nothing short of hell. I was actually contemplating using company time to apply to other jobs. Sorry if this is where I lose the plot but after 4 straight days of seeing these clowns, I am near insanity. TA girls, you all are super sweet and skilled I am sure, but wtf are these hires? I keep overhearing their conversations and all I hear are profanities, sexually charged conversations and expletives used in full company view and auditory range. I work with these people??? They are my colleagues?? I wish to exit Kurt Cobain style.",13,0,3,Negative
58,Optimizely,Senior Engineer,"August 19, 2025","The Worst, what else left!","যখন ইউনিভার্সিটি তে পড়তাম কেউ NewsCred এ জয়েন করছে শুনার পর প্রোফাইল টা ঘুরে আসতাম, অমুক ভাই NewsCred এ জয়েন দিসে, It was literally like অনেকটা গুগল এ জয়েন করছে এরকম, It was the highest talent density company in BD by far shot, no one came even close. নিজে এইখানে কাজ করতে পারবো এইটাও কখনো চিন্তা করি নাই, নিজেকে এভারেজ ইঞ্জিনিয়ার বা কোডার বলেন সেটাই ভাইবতাম। Somehow that dream came true, still dont know how. সেই ২০১৬ -২০১৭ সালের দিকে , it was the only BD dream company every cs grad wanted to work, i mean everyone.
জাস্ট কয়েকটা ঘটনা বলবো বর্তমান অবস্থা নিয়ে
হায়ার এন্ড ফায়ার কালচার, মানে মন চাইলো একজনকে নিবে, দুই মাস পর ফায়ার করে দিবে। এন্ড খুব বাজে ভাবেই কাজটা করবে, আপনার জাস্ট মেরুদণ্ড ভেঙ্গে দিবে, আর অফিসে লেবেল করবে লো পার্ফরমার হিসেবে। আপনার জব অনেক সময় এমনি চলে যাবে , আপনি যতই ভালো এমপ্লয়ী হওন, বাজেট কাটের কারণে, আবার ট্যাগ লাগায়ে দিবে লো পারফর্মার, কি জঘন্য এইটা
রেসিজম এর চূড়ান্ত দিক দেখবেন, আপনার ম্যানেজার যদি বিদেশি হয় এন্ড যদি রেসিস্ট হয়, আপনাকে মানুষ হিসেবেই গণ্য করবে না, কাজের পর কাজ। রাত ১০-১১ টা মিটিং, আপনার কাজে সে খুশি না, আপনাকে বলবে লাস্ট তিন ঘণ্টা কি করছ ? গিট এ কমিট নাই কেন ?  Micromanagement on another level.
বেতন বাড়বে দুই চার পাঁজ হাজার দশ হাজার। আপনি ডলারের হিসাব করলে দেখবেন বেতন কমে গেছে, তার উপর আপনার যতটুকে পারে TAX কাটবে, আমার লাস্ট কোম্পানির এক্স কলিগরা আমার এই ধইঞ্চা increment জানার পর সার্কাস এর আয়োজন করছিলো, and i was the clown there ! I am pretty sure office staffs in my previous company got a better amount raise.
ম্যানেজার বিদেশি কিছু আছে, এর মানুষ এর মধ্যেই পড়ে না, আপনার বেতন বাড়ানো কথা বলবেন ? ""Dont ASK for any promo before 3 years"". What kind of BS is this ! আপনাকে yearly raise  এর আগে বলবে, এই এমাউন্ট টা নন নেগোশিয়েবল। যা দিচ্ছি দাও নাইলে যাও, we dont give a F about your opinion.
হায়ারিং বার দিন দিন লোয়ার হচ্ছে, অনেক বাজে ইঞ্জিনিয়ার দেখিছি , মানে they should be intern in OG newscred's standard, nothing more. এরা এইখানে এখন IC2, IC3 হিসেবে জয়েন করতেছে। দেশি মুলায় মাস কয়েক আগে যে ঝড় গেছে, ওইখান থেকেই বুঝতে পারছেন কারেন্ট employee বার কতটা নিচে গেছে।
এইবছর Annual Tour  হবে গাজীপুর, দুইদিন তাও আবার বেড শেয়ার। মানে  you share your bed with some unknown dude. YIKES ! ভাই লজ্জাশরম থাকলে ট্যুর আয়োজন বাদ দেন। পাঁচ  হাজার টাকা খরচ করার মুরোদ নাই আবার ট্যুর ।
ঈদের গিফট এবার ছিল কিছু মশলা, আমি দোকানে নিয়ে গেছিলাম, ভাই কত দাম হবে। গতবছর এলাচ ছিল, এইবার সেটাও নাই। দোকানদার বলবো bulk এ কিনলে ১২০ -১৩০ টাকা। এই দিয়ে আবার সবজায়গায় প্রচার করছে, GUYS, you give gift to showoff in linkedin and facebook ? Get a life !
Most of the talented engineers and manages i know, they left. Almost all of them. I saw 10+ finest ICs leaving, and leaving with a broken heart. And shot dumbass ICs are joining, B team taking over A players!
এইবার আসবো কোম্পানির ফিউচার, this is not directly linked to dhaka office but overall OPT!.
Leadership has zero vision, company has zero innovation. Grew mostly through acquisition, most of them were messy
Budget cuts everywhere, dhaka অফিস ভাই সবচেয়ে চিপ জায়গা, You people literally paying us pennies by saying we are LCOL (low cost of living). এইখানে এইসে বাজে increment, Maybe 1/5 Annual tour budget, lowered hiring bar করা লাগবে তোদের ? ছয়মাস পর নিউ হায়ার ফায়ার করা লাগবে, কয় টাকাই দিস ? এক হাজার ডলার ? ১৫০০ ডলার ? ফায়ার করে দিতে হবে বাজেট এর জন্য ?
Trying to sell hard to ADOBE, as far as i know it aint working ! All that 400M ARR and Budget cuts, are trying to look clean on finance papers. Adobe not dumb anyways. I know some details but wont go deep.
Hire and Fire culture From USA, now been adopted to dhaka office with great success !
AI নিয়ে রিসেন্ট লাফালি, ফোর সেম reason. Nothing proprietary. Just to please investors, this can blow back, and can blow back with a mess
R&D division নাই, sales driven culture, not product driven. I dont see much future growth ! Except for another messy acquisition.
আর অনেককিছু লেখার ছিল, বাট its not worth it guys. This company is not worth it anymore. আর বেশি ডিটেইলস লিখলে আমাকে বের করে ফেলার চান্স আছে, তারপর কি হবে সবার ই জানা, i am low performer and tagged and fired !
Who should Join here ?
Freshers, early pay is good. 50 ish from interns and 80+ for IC1. Stay at least 2 years but no more than 3.
If you ~2 years exp. You can stay for most 2 years, then you must leave. BD overall indusrty is dogfood, i would suggest remote or abroad. Start preping early, after 1 year mark.
Own you career, thats the last thing i should say!",29,0,0,Negative
59,Optimizely,Senior Manager,"August 13, 2025",Its not what it was,"Now that the old deshimula post era has died down, I will try to write this down as a full and overall review of what and how this company functions as a whole. My intention being that I am writing this for people who will join this company, and not as a feedback to the company. Beause I feel nobody takes feedback here at all. I wrote a lot of this on my last review and nobody cared and nobody even reached out to me to ask why I wrote such harsh words there, so I am posting here instead.
First off, this is a pretty good place if you are young in your career and look forward to work in a global role. Opti has no local clients (and thus no local impact on work). Infact, 100% of the revenue comes from SaaS Software and relevant services sales from mostly USA/EU clients. This has lots of advantages - such as great learning opportunities, good exposure, and is very good on your resume. Before joining Opti nobody would knock me on LinkedIn and offer jobs. Now they do. I guess that explains it all.
But there are lots of disadvantages there too. Opti is not a heaven for everyone. There are bad bosses, bad managers, and bad teams as much as there are good ones. I don't mind those because thats just bad luck. The real problem is that there are lots of layoffs, and silent downsizing almost every month. The overall vibe from the company is very down, or atleast thats what I see in Dhaka and even from my colleagues abroad. They will tell you that sales is good on the townhall, and go back and fire 15 people that they just hired last quarter. They will tell you how things are well, and then cut down on basic costs the next day and say its a cost decision.
Look, I have worked in lots of frugal companies.
Frugality isn't to be confused with mis-management and lack of planning.
Just last week, a guy was fired within 5 months of hiring. They say the role is no longer open and they need someone senior. It broke my heart. This guy was just hired right out of university. You took many interviews. You even gave him good feedback on his 1:1s about his work performance. And then you say you need someone senior? Is someones life a joke to you? Who took the multiple interviews, found him fit for the role, and finally hired him? Why wasn't that person fired instead? Which HR person didn't filter for a more senior role instead? Why did the department head sign off on the budget knowing that you can only attract juniors with that kind of budget? Absolutely zero empathy!
You might feel its a one off issue and there is something I don't know about this case. But bro, this is like the 30th time this is happening in this company. The lack of planning and foresight is crazy. If you can't retain why are you hiring? How will new people joining the company feel that they could be laid off next day? Its not even like its a major cost decision because literal straight out of uni kids are being fired sometimes. How much do they even earn? Its crazy how people are treated like objects here. And its excerbated by the fact that HR here is run by people from Vietnam who have no local context and zero understanding of local scenarios of how hiring and firing should be done.
And oh, lets not even talk about how HR does not help these laid off folks in any way whatsoever. They are asked themselves to apply to other roles in the company and nobody helps them out even with a referral or priority. Couldn't you just go ahead and make it a priority to retain them in another team instead? How difficult would it be for HR to tell HR that they have other roles open where this person can function just as well! Why wasn't there any attempt to secure them a role with the 10 other open ones? I have been here for 3 years and haven't seen anybody planning my career growth or had any discussion with any BP around my JD or how I can grow. Its a job handed off to managers nowadays and its impossible to do these discussions with any manager in any real company, but HR thinks its not their job. Actually HR thinks nothing is their job. They are just busy instagramming their 4th vacation this year while finance is blamed for all problems in this company. Ridiculous, to say the least.
So yes, if you are joining this company check whether this role just had a layoff last week. Check how many people here didn't even have a proper manager for months after months because people were laid off abroad without any planning. Check why their offer to you is almost 50% of their actual budget and what they are paying someone else in the same role (something I got to know after joining). The problem is that there is no BP planning how the business will continue to function, and you will be put on the hot seat and judged for it barely months after joining. Make sure you are ready for that kind of judgement instead of support.
But lets say we disregard this. What happened after there were all of these DM posts saying bad things about the company? Was anything addressed at all?
Yes the HR Head came down and told us that she she wants girls to wear different clothes instead of telling the creeps to back off. Life wtf, are you insinuating that people coming in naked to the office in the name of ""localization"" and ""understanding cultural context""? It is an American company. If my counterpart in USA can wear a skirt, why not me here? Isn't that the values that I was told about when I joined? Where did those values go? Under the shirts and tops that you no longer want? There was zero support from the leadership around this and instead the vietnamese management got involved and just asked rude questions to try and pat down everyone. I hate how I was told ""You have to prioritize company decisions"" like I am a 12 year old kid who is being taught how to behave. Look, I live in Dhaka. I have been fighting these radicals all my life. I will fight you too if it comes to that. I have no problems with fighting all of you when it comes to letting my girls wear whatever they want. Its your duty to make them comfortable, not the radical ones. This was ridiculous as a manager for me to face questions from my team and having to say that I have no support. And hell, one specefic girl was attacked for her choice of clothes and she wasn't given any vocal support from anybody in leadership! SHE NO LONGER COMES TO OFFICE - BECAUSE OF YOU GUYS! Some senior engineers were attacked by what looked like bullies in their team and one guy resigned himself but had no support from HR at all. I know those guys and I can vouch that the bullies had no right to demean them and there was no bold learship move that we don't believe in this bullying and we support them throughout!
Is this how HR should function in a global org? Actually now most of the girls who were attacked just dont come to office anymore. Because they don't feel safe. My team mates have told me multiple times that they feel odd about going to office knowing there are people judging them there. What did HR do about that? Absolutely nothing! I heard of one case where there was a direct SH complaint but nothing was done by HR at all. Now the girl does WFH and the guy is in the office with his teeth wide open. If you don't believe me then just go to the old TA Table on a random day and see how its empty and devoid and looks like a ghost town. That was the liveliest bunch of people in Dhaka and if they are not coming to the office anymore then you guys have done something seriously wrong as a company. They are coasting, and all of them will leave when they can. Its visible. And this is purely a management failure. When the old founders from their newsroom days came I thought things will change and people will see improvement. But honestly, I see no change and no initiative these days.
And then there is the raise issue. Opti will agree to a relatively high joining salary but not offer any decent increments after that. But they will spend millions on random events across the world instead with no real value or ROI. There is no real adjustment for inflation here at all. Infact I am getting paid less this year than last year due to changes in tax structure too. So keep this in mind.
Negotiate real hard on the joining salary because you will be stuck with less than this in a year or two.
They will say they sold hundreds of millions extra and pipe is great on the townhall, but when it comes to raises they will tell you business is bad and you should understand etc etc. They regularly expect Dhaka people to do late night office but they don't even bother to reimburse costs or even keep the office open or even pay over time. Infact there is no fixed working hours, which turns into a serious issue after a while. People abroad will regularly schedule 1 AM calls even though my office ends at 10: and then I am expected to either attend the call or fall back on my own. How can this be a culture as a company? Nobody in vietnam takes late night calls. Nobody in USA does either. Why just us?
And oh, what about training? Why is there no training at all here? Who should be in charge of that? You say you want seniors, but you hire only juniors, and then its my headache to teach them everything? You are just slowing down the rest of the company here with these decisions.
Look my final verdict is this: if you are a young proffessional, opti dhaka is a good place to join for your first job and gain some experience and move out as soon as you can.
Because this company can't retain folks who are worth two cents.
Anybody worth two cents will go away in a few years because they dont get raises, trainings, and for career growth they just have to wait for the people infront to be laid off first. And thats just reality.
Someone at opti told me a long time ago that you should judge a company by its average age. The lower the average age of employees, the worse culure it will have. I found that silly. Why would a young population mean something is wrong? Young folks are the best! But now I understand what he meant. Companies that can't retain people for long can't really do great things - because the people with experience are leaving for better land across the ocean. The young are just too young just don't know when to jump ship yet.
All the best and I am writing to you all knowing that some of you will disagree but most will agree. And I understand. Just give it some time. I will see you at the Airport soon.",29,1,6,Negative
60,Optimizely,Engineering Manager,"May 27, 2025","Acts like a director, actually a thief; with an as*l**ker group","This is the story of the previous payroll director, who used to act as if he is giving out the salary to people, as if the salary is not earned by the employees. The guy used to act high and mighty in fornt of people, but at the back did everything to steal money from the company. He had the budget of the cultural committee, and misappropriated the budget. He bought liquor for the people who drink alcohol during the office retreat; but there was not even a single drop of juice for the people who do not drink or who are religious. This former ""director"" along side the other director (who ran away to UK, applied for the role but bragged that the company apparently begged him to go to UK lol) did not even think about more than half of the employees, and just thought about their own urge to drink free alcohol. When asked they would just say, ""we informed everyone about it, why didn't you come?"" Like bro, you informed someone religious that there would be alcohol, please forego your religion and drink alcohol. Those two used the budget for their own desires rather than thinking about everyone. And please don't tell me, this is an inclusive company.
The payroll ""director"" gave money to his gf to get eid gift boxes for the office, bro playing the company on different levels to get money. That money went to his pockets and people praised him saying great gift. But please praise him like a god, as if he is bestowing your hard earned salary out of his pocket.
This ""director"" didn't even follow the proper tax laws for income tax, and when someone would ask him questions related to income tax, he would sidestep it.
Don't forget about the as*l**kers. These two phenomenol ""directors"" has assembled a group whose only task is to lick the asses of these two. One got kicked out once, but then he came with a vengeance to slander the company; man if you are not happy with the company just leave, stop saying negative things to people and new hires; no one wants to hear your stories. But no, he won't leave, because he gets money here, and a generous manager who isn't firing him. Then the other asslicker, who can't even put two sentences together properly in English, trots around as if being the asslicker of directors is something to be proud of. These two are the dogs of the directors, if the ""directors"" give them shits to eat, they would eat it and say this is the best food in the entire world.",11,8,35,Negative
61,Optimizely,Manager,"May 27, 2025",Side effects of ultra show-off,"Cons:
Once they tried very hard to show off with unlimited food. Now the unlimited food has become “not more than 2 or 3 pcs of meat” LOL
Same with the unlimited PTO. Once they provided us with unlimited PTO, and now it's reduced to minimum leaves with ridiculous casual and annual leave policy. Even almost half of the govt holidays are not provided LOL again
Boys are competing for ""who can be the biggest drunk/smoker"". Only then you can be counted as a member of the ""cool group"". For girls there should be a dress code for the office AT LEAST!
In the name of cutting budgets, they are reducing all the facilities we had before. Example - no internet bill, no more team hangout expenses, etc.
Newcomers are creating chaos and unnecessary team-ups in the office. The office is not a place for noise and your hangout, it might be your first job but you guys should learn professionalism.
Increments and promotions are based on favoritism. In one team they don't give promotions in the name of ""budget-cutting"" when a member of another team gets constant promotions.
Increments are very low. They did not give the increment from January even this year for ""cost-cutting"". Then why do you donate money and advertise? Where is your 400 M revenue when it comes to raising???
Lastly, the management is now in the ""don't care"" mood. They do not care about employee dissatisfaction is growing rapidly, cause they think only high salaries can keep the employees. But it's NOT! So please pay attention to employee satisfaction and listen to them!",12,17,6,Negative
62,Optimizely,Employee,"May 23, 2025",A Company Built by Its People Deserves Better.,"I have recently come across several posts on DeshiMula. Initially I was not following them very closely. It is not that I am indifferent. I just did not have the time or energy to go through everything being said. However I do appreciate the purpose of this platform. Giving professionals a voice and allowing them to reflect on their work experiences is a valuable initiative and one that deserves recognition.
Regarding Opt!m!zly I want to start by saying that no company is perfect. Every workplace has its strengths and weaknesses. I have read a number of the recent reviews and some of them make fair points. Constructive feedback is important and when offered with good intent it can help leadership identify areas for growth. Whether or not those insights lead to actual changes is up to the people in charge.
What pushed me to write this post is not disagreement with criticism. It is the way some of the criticism has turned personal. It is disappointing to see posts targeting individuals with hostility. Many of the people being criticised have spent years building the very environment we now benefit from. I have had the chance to interact with some of them both professionally and informally. Despite their seniority they have always treated me with respect and made time to support when needed. That level of professionalism deserves to be acknowledged.
Of course nobody is perfect. Not the leadership. Not the employees. Not me either. We all have flaws and yes we all sometimes complain or gossip. But there is a difference between sharing thoughts with a colleague and publishing personal attacks on a public platform. If someone genuinely caused harm by blocking a promotion or creating a toxic experience I hope that it was addressed with a manager or through HR before being made public. If not then it raises the question of whether the goal was improvement or just public venting.
Life is always about trade-offs. To offer an analogy consider the residential area of Bashundhara R A. It has many challenges. Some say there are not enough mosques. Others mention the distance to grocery stores or the nearby university students' lifestyle that might not appeal to everyone. Still many people choose to live there. They might have a child studying in a nearby school or university. Or maybe it is closer to work. Or maybe it provides a better security then other areas. And those who cannot adjust simply move somewhere else. No one forces anyone to stay.
The same applies to workplaces. If the culture or environment does not suit someone they have every right to leave. But leaving with grace is very different from trying to tear down what remains. Especially when others still work there and appreciate what has been built.
Opt!m!zly is a global company. We work with colleagues from a wide range of cultures religions and personal backgrounds. Naturally there will be differences in lifestyle and beliefs. But our purpose here is not to push personal ideologies. It is to perform learn grow and contribute within a global professional setting.
I also want to point out something important. The job market is connected in more ways than we often realize. When someone speaks negatively about their workplace online it creates an impression that may follow them. If I were hiring and I saw a organization name associated with public hostility towards from their employees, I would hesitate and think carefully before bringing that person into my team regardless how talented that person is. Talent is valuable but team culture matters too.
I am not defending every decision made by leadership. This message is not about taking sides. It is simply a call for professionalism and perspective. Respect your workplace. And if it does not feel right anymore seek opportunities that align better with your long term goals. Do it with maturity.
To the leadership team at Opt!m!zly both past and present I want to say that there are many of us who see your effort and dedication. We may not always say it out loud but your contributions are noticed and appreciated.
To everyone reading this I hope this comes across in the spirit it is intended. If I have unintentionally offended anyone that was not my intention. I am simply offering a viewpoint from one professional to another. Wishing you all continued growth and success in your careers and lives.",12,1,4,Negative
63,Optimizely,Sr. Manager,"May 18, 2025",A Titanic in the making,"Once a company known for its culture and ability to attract the best talent in the market, now turned into a ticking time bomb about to go off. Every day someone somewhere around the globe is leaving or is getting fired, management has no idea what to do, has been this way ever since.  A big big reason high level directors, managers and team leads worth their salt are leaving before going down with the ship.
This is a big no-no for anyone in their mid/high level career because this company can neither provide the growth nor the stability you need, and no it's not something you can overturn with your performance or vigor.
There is subtle racism when working with foreign teams, perks of being a low-cost labor from 3rd third-world country, you would never get an invitation to attend the high-level decision making meetings, just a worker assigned to follow orders once they are revealed.
All that being said, it is the perfect company for Gen Z peeps in their early career, hardly any micromanagement, insane level of flexibility, salary is really good compared to the country median. Basically anyone who wants to add a few months of job experience in their cv while preparing for abroad, you cannot ask for anything better but beware do fall under the comfort zone trap, before you know it you will either lose chance at a good career or get kicked out randomly and become a floater.",11,0,0,Negative
64,Optimizely,software engineer,"May 17, 2025",পাড়ার মাস্তান আর চুন্নীদের আড্ডা,"একজন মাস্তানকে কয়েকদিন আগে কোম্পানী ফায়ার করার পর তার অবস্থানে তারই ঘনিষ্ট ফ্রেন্ডকে বসানো হয়। সব টাকা পয়সা সামলানো তার রেসপন্সিবিলিটি হওয়ায় সেই মাস্তান আর তার পা চাটার দল মনে করে যে অফিসিয়াল ট্যুরে গিয়ে ফ্যামিলিসুদ্ধ সব এমপ্লয়িদের মদ গেলানো তাদের একান্ত ফরজ। তাদের আড্ডায় TA নামক শাকচুন্নীরাও সামিল হয় যাদেরক স্যালারী দেয়ার পরও ফকিন্নির মত আসল রেফারারের নাম সরায়ে নিজের নাম বসায়ে রেফারাল বোনাস হাতায়ে নেয়। এই চুরির পর, চাকরী যাওয়ার পরেও এরা অফিসে এসে আরামে ঘুরে যায়। রাতে এদের মদ্যপানের আসর জমে অফিসে।
মাস্তান গ্রুপটার নিজেদের মধ্যে হেডম আর নেপোটিজমের শেষ নাই। এমনিতে অন্যদের কখনো বিন্দু পরিমাণ পাত্তা না দিলেও এখন নতুন লোকেশন চ্যাম্পিয়ন (কালচারাল হেড) ইঞ্জিনিয়ারিং ডিরেক্টর হওয়াতে সেই ডিরেক্টরকে দিন রাত চাটাচাটিতে ব্যস্ত থাকে মাস্তানগুলা। ডিরেক্টরও ইঞ্জিনিয়ারিং চিন্তা বাদ দিয়ে তাদের আড্ডায় সামিল হয়। ডিরেক্টরের না আছে কোন ভিশন, না আছে কোন প্রোডাক্ট নলেজ, মাঝে মাঝে মনে হয় স্পাইনটাও ক্ষয়ে যাচ্ছে।",15,2,11,Negative
65,Optimizely,Anonymous,"May 09, 2025","Show off, favoritism, bootlicking - you name it","Once a stellar engineering company with a vibrant culture and strong values, it has deteriorated into chaos. The glossy social media facade hides a grim reality. Employees lack essential benefits like provident fund options, and long-term contributors receive no recognition. Promotions and international transfers increasingly depend on oiling the upper management. The recently sacked finance director, known for excessive drinking, filled director roles with cronies, fostering a toxic culture of after-hours office drinking. The engineering director, lacking substantial experience, rose through self-promotion rather than merit. The company’s decline is disheartening.",11,1,2,Negative
66,Optimizely,Marketing Manager,"November 04, 2025",Wrongful dismissal at Opt!mizely,"* ** ********* ** *** ********** *** ****** ******* ** **** ******** ***** ***** ***** *********** ** * *******. *** *** ************* ***** *** ** *** ******** ****** **** **** ********** *** ********* **** **** ********* *** ********** **** ****** *****
* ******* ** *** *** ****** *** *** *** *** ** ***** ********** ******* *** ****** ******** ** ** ****** *** **** ***** ** ****** *** **** ***** ***** ** ****** ** ******* **** *** *** *****",5,0,1,Mixed
67,Optimizely,Anonymous,"August 04, 2025",Misuse of designatiom,"An ex-employee promotes their personal business inside our office, and the Dhaka Operations Head not only gives the green light — she happily stars in the promo reel like it’s her side hustle too.
Let me be clear:
I’ve got zero issue with the ex-employee — wish him the best with the venture.
But the Dhaka Ops Head?
That’s not leadership — that’s favoritism in plain sight, and a full-on misuse of company space and role.
Imagine the outrage if a regular employee tried that. Different rules for different chairs, right?
Anyway, this rant was AI-generated — because I’m not wasting my real energy on this circus.
I’ll be outside counting stars and watching standards drop.",8,0,2,Mixed
68,Optimizely,Anonymous,"August 01, 2025",Shob gadha chalay ei office!,"Ekta director er o common sense nai. Tax calculation e payroll company bhul korse manlam but amader senior payroll specialist er mathae ekbaro ashe nai je how can tax be increased by so much in a month. For example ekjon er tax June e chilo 2k and July te katse 12k, just common sense diye chinta korleo bhuja jaye je this is not correct, because goverment jodi atoh drastic increase ane within a year there will be chaos everywhere, protek corporate worker rastae nambe to fight against this. But amader senior payroll specialist bhai 3/4 ghonta eita niye argue korse je the calculation is right and eita new slap by the govt 😂😂 how pathetic !!
Not only that our genius director of engineer also backed him saying every other company is facing this😂. I mean for real?? These braindead directors and so called leaders of Dhaka office are the reason for this mockery. If anyone of them could use some common sense they could understand that the calculation can never be right !! Well I guess you dont need common sense to be a leader or a director.",13,0,5,Mixed
69,Optimizely,Anonymous,"June 05, 2025",জোভান এর মত গায়ক দিয়ে ভরা,"টাইটেল দেখেই তো বুঝা যায়, এটা নিছকই আরেকটা ""মাস্টারপিস""! আমাদের ইন্ডাস্ট্রিতে এত ""ড্রামা কুইন"" একসাথে? ভাগ্যিস বলছি! এখানে আসলে কাজ করার জন্য আসা হয়? নাহ, আসলে তো গসিপ ফ্যাক্টরি চালানো, দল বানানো, আর ক্যারিয়ার ধ্বংসের প্লট টুইস্ট দেওয়ার জন্য! সফটওয়্যার কোম্পানি? হ্যাঁ, নামে তাই। কিন্তু এক্সপেরিয়েন্স টা যেন সাসপেন্স-থ্রিলার! রকষ্টার গেমসের চরিত্ররা ওভারঅ্যাক্ট করে? এখানকার এক্টিং দেখলে মনে হবে, ওরা তো নোবেল প্রাইজের যোগ্য! আর এই সাইটে? এখানে তো নাটক শেষ হয় না, সিজন ফাইনালও হয় না! জানেন, এখানে বোনাস মিলে এক্সট্রা ড্রামা, ফ্রি চরিত্রহনন সহ!",11,2,0,Mixed
70,Optimizely,Manager,"June 03, 2025",Good benefits with lots of dramas at office,"1. Have been here for a good time, new hires are not culturally fit (brags a lot, doesn't know s**t, thinks s**t for brains got hired for their talent), our previous hiring was much better don't know how the standards stooped this low
2. Yearly increments not that good for everyone except a few selection whose main job must be to oil up their bosses a**
3. Too much drama at office , everyday somebody comes to office with their agendas and needs to preach about that to everyone. Please for the love of God stop with your narcissistic personality and spare us the details we don't want to hear your opinion, go tell those who are interested
4. If you come to office only for partying then do it at the designated games room or the dining not at the work desks. Many of us come to office to work, we don't have the luxury of a good work from home setup.",4,2,1,Mixed
71,Optimizely,Employee,"May 31, 2025",Saga of Opt! Directors,"Gather here to listen to the saga of our Directors at Opt!m!zely.
Our new Internal Communications Director aka glorified office manager. Our AP Director who got in using Bhai brother quota. Engineering director who spends his time in the smoking zone and coffee runs instead of coding.
Their main job? Bashing Accounting Director and HR. Just go to the smoking zone or walk nearby the meeting room where they frequently huddle.
Our new office manager is clearly upset at HR but the words she uses. It wains funny to see her talk about dress code when she s**t shamed her own team members.
If anyone is ruining the office culture it's these 3. Oh and their a*sli**er gang. Anyone with a brain would understand their agenda and dirty politics.
The Engineering Director and AP Director also ganged up on an employee because he had a disagreement with their gang member L***b*.
Every sane Opt!m!zer should offer their prayers that the finance director was sacked and another ran away to UK.",12,4,14,Mixed
72,Optimizely,Senior Software Engineer,"May 26, 2025",Giving holidays like garments factory,"It’s a bit concerning that we’re not receiving the official Bangladeshi government holidays. Additionally, the removal of the unlimited vacation policy—reportedly due to non-compliance with Bangladesh’s labor laws—has been quite unexpected.
We raised this issue several times in the group chat or with HR but they always come up with a global operating model etc etc. But there are so many other multinational companies giving full govt holidays with better benefits!
Another point, no criticism is taken here properly. Management either doesn't pay attention or gives a toxic reply as a solution to the criticism. There is no way Opt!m!zely will get “Great place to work” this year with this toxic management.",7,6,4,Mixed
73,Optimizely,Manager,"May 22, 2025",Great people. Great place to work. Terrible last month.,"I don't want to say much because I have already left this company (thankfully) and have a much better role elsewhere. I miss Optimizely and all of the people there. Honestly, I do. I loved the work. I loved the engineers, the pms, the sales teams, the solutions guys, the commercial people, and even the support team. I see all of these complaints on DeshiMula and I can't vibe with them because back in our times, they were not there. But I also hated it the last few months. The way HR spoke to me once I told them I am planning to leave still has my ears ringing. The way they forced me to resign even though I had already communicated in advance that I am waiting for an update on something and would resign later. The way a guy on their team was absurdly rude to me. The way I could not even ask a question about the financial issues. The way they asked me to sign paperwork then and there immediately almost as if I am a criminal for deciding to accept a better offer. The way they weren't giving me a release letter and were chilling in some other country when it was important to me. I will never forget that.
It was odd how HR suddenly turned on me the moment I told them I found a better role! There was no proper exit debrief (shouldn't that be standard?) or else I wouldn't be writing it here. But I was hurt. And I will carry that feeling forever that this company treats you like shit once you leave. Just speak to some other people who have left and you will understand. Some of the guys who were in newscred had it different. It wasn't the same experience for us. Man, it wasn't even my manager. It was a bunch of sore losers who didn't even know me properly. I just wish I was in a financial position to throw the money in your face and walk away instead of having to go through that.",11,2,5,Mixed
74,Optimizely,Anonymous,"May 21, 2025",Rant to my own people!,"Been seeing lots of reviews about Optimizely lately - some useful, others just keyboard therapy. Here’s mine: honest, balanced, and to the point. If you’re here for real insight, not drama, read on:
Let’s start with the Cons (because y’all clearly love to start your day with negativity)
No more unlimited PTO
– A major perk gone; hurts flexibility.
Job security is shaky
– Layoffs and re-orgs create uncertainty.
Too comfy = career stagnation
– Long-term flexibility can make you unfit for local market (bidesh chara ar goti thakbena)
Low salary growth
: 6–8% annual raise (my case for the last 3 years) barely beats inflation.
Cost-cutting vibe
– Budget trims affecting morale.
Hiring team needs serious upskilling
– A very recent observed gap in hiring quality and industry understanding.
But here are the Pros (and they’re not imaginary, either):
Super Competitive salary
– Among the best in town (if not the best)
Office transport
– Free pickup and drop in Dhaka.
Flexible work
– Work from home, work in your PJs, work from Cox’s Bazar or Paharer Chura if you want (and if the WiFi holds). It’s a real blessing.
Global exposure
– This is one of the best parts; interacting with folks from different geographies, understanding how global companies operate, building that exposure. Seriously valuable for your long-term growth.
Provident Fund
– Announced with company contribution.
LTI program
– Recently launched, generous amount.
Free meals & snacks
– Decent daily office perks.
Top-tier colleagues
– Talented team with strong skills.
Annual retreats
- Fun, well-organized team events.
And now, the fun and best part: roasting the drama queens (or kings? What should I tell you?)
OMG no unlimited PTO = toxic company” -
Yes, it’s a bummer. But if that’s your whole personality now, maybe take one of your
limited
PTO days and go outside.
There’s no PF -
Brother, it was literally announced. Stop sleeping through meetings or skimming Slack like it’s a TikTok comment section.
Crying about the coffee machine
- Really bro? You’re getting paid decently. If it's not working sometime and thus it ruins your week, you might need to re-evaluate your priorities. Go buy yourself a caramel macchiato and move on
.
""Company sucks, management sucks, everything sucks”
- Then why are you still here, bro? If you hate it so much, go find a better place. Oh wait - you won’t. Because deep down, you know you won't find any better opportunity. I'm also searching over a year for a ""better opportunity"" but got nothing but your dramas around me. So you whine… keep on whining.... Why did you stop? Whine again? Pleaseee? It's way easier.
And let’s not forget the support we got during serious stuff - like when internet was cut during the student protests. Folks from other countries covered for us. My manager had my back, and for that, I’ll always be grateful. You don’t get that kind of empathy everywhere.
Finally, to Seniors, EAB, HR:
Please start by having real conversations with global leadership
.
Copy-pasting U.S. strategy to Bangladesh doesn’t work
. Here, job security is sacred. You fire someone in the U.S. - they get another job next week. Here? Not so simple. Explain the market, the culture, and the consequences. Otherwise, you all suck and are good for nothing!
HR team
, can we please talk?
When you sit together in a corner like a secret illuminaty society, it makes people (at least me) paranoid. Be more approachable. Mingle with the team like everyone else in the office. Be more human. Laura (CPO) set a great example - Please follow that energy.
Wrapping up:
No company is perfect. Optimizely isn’t either. But it’s not trash just because it’s not giving out coffee like Santa Claus or took away unlimited PTO.
If you’re writing a review, be
balanced
. Tell people what’s working and what’s not. Don’t take the good stuff for granted while building a whole rant around what you didn’t get.
Be real, or just keep scrolling.",9,1,13,Mixed
75,Optimizely,Software Engineer I,"May 18, 2025","Niiice. But also, whaddup with new hires being so eww?","The general environment and work is great. Good leadership in bangladesh and very approachable seniors. You can walk up to a director and discuss life and career no shizz. Ei office e kono sir sir nai. Shob bhai bro. There is also a general sense of urgency to build great things. I like the culture of hustle. At 9 AM there are people shooting bullets through their keyboards. And even at 9 PM same energy. Live music, gaming, sleeping, working, everything is okay here. It's enjoyable experience. Everyone self driven and very competitive work culture.
I don't understand the people who say there is a problem with leave policy but don't mention that they were the ones that were misusing unlimited leaves. Beshi khaite jeye baki shobaike harm korsen apnara bro.
Also don't forget how abysmal the raises are. There is no adjustment for inflation. Dollar was 90 when I joined. Dollar is 122 now. But raise was like 6%. Company is paying me less this year 😔 How are some of you happy with this fgs?",6,5,4,Mixed
76,Optimizely,Engineer,"May 17, 2025",চক চক করলেই সোনা হয়না,"যাই করেন জীবনে, শুধু এক্সপেরিমেন্টেশন টিমে জয়েন কইরেন না। পুরা টিম ভর্তি সবাই শুধু একজন আরেকজনকে চাকু মারার তালে থাকে। সিনিয়র লিডারশিপ বলতে কিছু নাই ঢাকায়। যিনি আছে উনি না থাকার থেকেও ভালো। টিমের জন্য কিছুই করেনা। কোন ধরনের লিডারশিপ প্রেজেন্স নাই যে কারোর থেকে কিছু শিখবেন এই টিমে। সারাদিন সারারাত খাটাবে আর বলবে যে আগে প্রোজেক্ট ডেলিভার করো বাকিটা পরে দেখতেসি। বছর শেষ হইলে আসলে কিছুই দেখেনা। যাই ডেলিভার করবেন বলবে যে বাজেট নাই পরে দেখবো তোমার ব্যাপারে, এইটাই কোম্পানির লিমিট, এইটাই আমাকে যা লিমিট দিসিলো সবই তো তোমাকে দিয়ে দিলাম, ইত্যাদি। অন্যদিকে রুম থেকে বের হয়ে শুনবেন অন্য টিমের মানুষ আপনার ৩ গুণ রেইজ পাচ্ছে। খুবই আনফেয়ার। কোন প্রপার রিকগনিশন নাই। এমএল নাহয় এআই টিমের নাম শুনে পটে যায়েন না। শুধু এক চার্ন এনালাইসিস করতেসে ২০ বছর ধরে কিন্তু কোন ধরনের নিজস্বতা নাই, কোন জেনুইন রিসার্চ নাই। ফ্যাসিলিটি ভালো। তবে ম্যানেজার ভালো না পড়লে জীবন ত্যানা বানায়ে ফেলে। বাহির থেকে এক কোম্পানি মনে হইলেও ভেতরে অনেক টিম এবং একেকটা আলাদা আলাদা চলে। সেই সমস্যাতেই জর্জরিত।",5,4,2,Mixed
77,Optimizely,Software Engineer,"May 15, 2025","Once a paradise, now fading into earth’s embrace","It used to be one of the best places in Bangladesh for software engineers. It still is, but all the good things are gradually fading away.
Pros:
One of the best working environment and engineering culture in Bangladesh, if not the best.
The flexibility, work life balance, and other benefits are awesome.
You can work from anywhere, as long as your manager approves.
The engineers here are really talented and amazing people. You get the chance to learn a lot from them.
There are a lot of initiatives that help engineers to learn and improve their skills. They often organize knowledge transfer sessions, tech talks, hack days and other initiatives to keep engineers interested.
Everyone here is very supportive. A great place for everyone, from freshers to senior engineers.
The food is good, and there are bottomless snacks for you if your mouth feels lonely.
Cons:
Many good benefits are being reduced day by day in the name of cost cutting and budget management.
Used to have unlimited PTOs earlier, which was a great thing. But now there's limited number of PTOs.
The office space is small compared to the number of employees. Normally it's fine because many employees work from home most of the days. But on occasions when more people visit the office, some people can't find a place to sit.",6,0,0,Mixed
78,Optimizely,Anonymous,"May 09, 2025",কফটিমাইজলি,"একদা একটি ছোট্ট কফি শপ ছিল। মালিক নিজেই যত্ন সহকারে বিশেষ উপকরণ দিয়ে কফি বানাতেন।
একদিন বড় চেইন কোম্পানি সেটি কিনে নিল। নতুন ম্যানেজার বললেন, ""এত কষ্ট করে কেন? মেশিন দিয়েই তো কফি দ্রুত বানানো যায়! কফটিমাইজলি বলে কথা!!""
মালিক বললেন, ""স্যার, এটা তো আমার হাতের ছোঁয়া, প্রতিটি কাপে ভালবাসা যায়।""
কিছুদিন পর দেখা গেল যে এখনঃ
প্যাকেটের পাউডার থেকে মেশিন দিয়ে কফি বানানো হচ্ছে
অর্ধেক উপকরণ বাদ দেওয়া হয়েছে
কফির গুণগত মান নিশ্চিত করার জন্য চার স্তরের নিরাপত্তা বলয় তৈরি করা হয়েছে
দোকানের কর্মীদের সুযোগ সুবিধাও কমে গেছে
একদিন মালিক ম্যানেজারকে জিজ্ঞেস করলেন, ""আপনি কি জানেন আমাদের কফির স্বাদ কতটা কমে গেছে?""
ম্যানেজার মৃদু হেসে বললেন, ""আরে ভাই, লাভ তো বেড়েছে! কাস্টমার তো আছে! আর তাছাড়া আশেপাশে তাকান। কফি তো কফি, ৫ টাকার চায়ের দোকানও নেই কোথাও।""
মালিক মনে মনে ভাবলেন, ""হ্যাঁ, কাস্টমার আছে বটে, কফির দোকানও আছে, কিন্তু কফির আত্মা যে আর নেই...""
বিশেষ দ্রষ্টব্যঃ গল্পের প্রতিটি চরিত্র কাল্পনিক। কাল্পনিক গল্পের সাথে বাস্তবতা মিলে গেলে তার দায় লেখক নেবে না।",69,7,1,Mixed
79,Optimizely,Anonymous,"May 08, 2025",Bhai ektu thakte den,"Shob kichu bhalo, kintu kotha hocche chakrita thakbe kodin? Er theke bhalo kono company o to nai deshe. Switch korbo kothay! :( . Benefits are somewhat on the decline as well.",10,0,0,Mixed
80,Optimizely,Anonymous,"May 08, 2025",আগেই ভালো ছিলাম,ধরেন প্রথম বিশ্বের একটি দেশ থেকে দ্বিতীয় বিশ্বের একটি দেশে গেলেন। মনকে সান্ত্বনা দিতে পারবেন যে অন্তত তৃতীয় বিশ্বের কোন দেশে যান নাই।,6,0,0,Mixed
